bank_name,bank_code,branch_name,branch_code
Bank of Ceylon,7010,City Office,1
Bank of Ceylon,7010,Kandy,2
Bank of Ceylon,7010,Galle Fort,3
Bank of Ceylon,7010,Pettah,4
Bank of Ceylon,7010,Jaffna,5
Bank of Ceylon,7010,Trincomalee,6
Bank of Ceylon,7010,Panadura,7
Bank of Ceylon,7010,Kurunegala,9
Bank of Ceylon,7010,Badulla,11
Bank of Ceylon,7010,Batticaloa,12
Bank of Ceylon,7010,Central Office ,15
Bank of Ceylon,7010,Kalutara S/G,16
Bank of Ceylon,7010,Negombo,18
Bank of Ceylon,7010,Chilaw,20
Bank of Ceylon,7010,Ampara,21
Bank of Ceylon,7010,Anuradhapura,22
Bank of Ceylon,7010,Wellawatte,23
Bank of Ceylon,7010,Matara,24
Bank of Ceylon,7010,Main Street,26
Bank of Ceylon,7010,Kegalle,27
Bank of Ceylon,7010,Point Pedro,28
Bank of Ceylon,7010,Nuwara Eliya,29
Bank of Ceylon,7010,Katubedda,30
Bank of Ceylon,7010,Ratnapura,31
Bank of Ceylon,7010,Aluthkade,32
Bank of Ceylon,7010,Kollupitiya,34
Bank of Ceylon,7010,Haputale,35
Bank of Ceylon,7010,Bambalapitiya,37
Bank of Ceylon,7010,Borella S/G,38
Bank of Ceylon,7010,Ja-Ela,39
Bank of Ceylon,7010,Hatton,40
Bank of Ceylon,7010,Maradana,41
Bank of Ceylon,7010,Peliyagoda,42
Bank of Ceylon,7010,Union Place,43
Bank of Ceylon,7010,Vavuniya,44
Bank of Ceylon,7010,Gampaha S/G,45
Bank of Ceylon,7010,Mannar,46
Bank of Ceylon,7010,Ambalangoda,47
Bank of Ceylon,7010,Puttalam,48
Bank of Ceylon,7010,Nugegoda Supergrade,49
Bank of Ceylon,7010,Nattandiya,50
Bank of Ceylon,7010,Dehiwala,51
Bank of Ceylon,7010,Kuliyapitiya,52
Bank of Ceylon,7010,Chunnakam,53
Bank of Ceylon,7010,Horana,54
Bank of Ceylon,7010,Maharagama,55
Bank of Ceylon,7010,Tangalle,56
Bank of Ceylon,7010,Eheliyagoda,57
Bank of Ceylon,7010,Beruwala,58
Bank of Ceylon,7010,Kadawatha,59
Bank of Ceylon,7010,Fifth City,60
Bank of Ceylon,7010,Moratuwa,61
Bank of Ceylon,7010,Velanai,63
Bank of Ceylon,7010,Matale,68
Bank of Ceylon,7010,Monaragala,82
Bank of Ceylon,7010,Polonnaruwa New Town,83
Bank of Ceylon,7010,Hambantota,85
Bank of Ceylon,7010,International Division,87
Bank of Ceylon,7010,Mirigama,88
Bank of Ceylon,7010,Galle Bazaar,89
Bank of Ceylon,7010,Naula,92
Bank of Ceylon,7010,Kilinochchi,93
Bank of Ceylon,7010,Anuradhapura New Town,98
Bank of Ceylon,7010,Primary Dealer Unit,99
Bank of Ceylon,7010,Galaha,101
Bank of Ceylon,7010,Bentota,102
Bank of Ceylon,7010,Welpalla,104
Bank of Ceylon,7010,Muttur,118
Bank of Ceylon,7010,Galenbindunuwewa,122
Bank of Ceylon,7010,Padavi Parakramapura,127
Bank of Ceylon,7010,Imaduwa,135
Bank of Ceylon,7010,Weeraketiya,139
Bank of Ceylon,7010,Yatawatte,144
Bank of Ceylon,7010,Pemaduwa,152
Bank of Ceylon,7010,Tirappane,157
Bank of Ceylon,7010,Medawachchiya,162
Bank of Ceylon,7010,Rikillagaskada,167
Bank of Ceylon,7010,Kobeigane,172
Bank of Ceylon,7010,Sewagama,183
Bank of Ceylon,7010,Horowpathana,217
Bank of Ceylon,7010,Ipalogama,236
Bank of Ceylon,7010,Medagama,238
Bank of Ceylon,7010,Tawalama,250
Bank of Ceylon,7010,Malkaduwawa,255
Bank of Ceylon,7010,Thanthirimale,256
Bank of Ceylon,7010,Mawathagama,257
Bank of Ceylon,7010,Elakanda,258
Bank of Ceylon,7010,Rathgama,259
Bank of Ceylon,7010,Diyatalawa,260
Bank of Ceylon,7010,Katuwana,261
Bank of Ceylon,7010,Kekanadura,262
Bank of Ceylon,7010,Kosmodera,263
Bank of Ceylon,7010,Kudawella,264
Bank of Ceylon,7010,Lunugamvehera,265
Bank of Ceylon,7010,Maha Edanda,266
Bank of Ceylon,7010,Makandura-Matara,267
Bank of Ceylon,7010,Malimbada,268
Bank of Ceylon,7010,Morawaka,270
Bank of Ceylon,7010,Pasgoda,271
Bank of Ceylon,7010,Pitabeddara,272
Bank of Ceylon,7010,Digana,273
Bank of Ceylon,7010,Weli-Oya,274
Bank of Ceylon,7010,Ahangama,276
Bank of Ceylon,7010,Aluthwala,277
Bank of Ceylon,7010,Barawakumbura,278
Bank of Ceylon,7010,Karapitiya,280
Bank of Ceylon,7010,Manipay,281
Bank of Ceylon,7010,Kitulgala,282
Bank of Ceylon,7010,Kolonna,283
Bank of Ceylon,7010,Kotiyakumbura,284
Bank of Ceylon,7010,Morontota,285
Bank of Ceylon,7010,Sabaragamuwa University,286
Bank of Ceylon,7010,Pinnawala,287
Bank of Ceylon,7010,Sabaragamuwa Provincial Council,288
Bank of Ceylon,7010,Seethawakapura,290
Bank of Ceylon,7010,Udawalawe,291
Bank of Ceylon,7010,Weligepola,292
Bank of Ceylon,7010,Dodangoda,293
Bank of Ceylon,7010,Karawanella,294
Bank of Ceylon,7010,Karawita,295
Bank of Ceylon,7010,Kegalle Hospital,297
Bank of Ceylon,7010,Urubokka,298
Bank of Ceylon,7010,Makandura,299
Bank of Ceylon,7010,Marawila,300
Bank of Ceylon,7010,Palaviya,301
Bank of Ceylon,7010,Pallama,302
Bank of Ceylon,7010,Paragahadeniya,303
Bank of Ceylon,7010,Thoduwawa,305
Bank of Ceylon,7010,Udappuwa,306
Bank of Ceylon,7010,Wayamba University,307
Bank of Ceylon,7010,Weerapokuna,308
Bank of Ceylon,7010,Wellawa,309
Bank of Ceylon,7010,Bulathkohupitiya,311
Bank of Ceylon,7010,Embilipitiya City,312
Bank of Ceylon,7010,Endana,313
Bank of Ceylon,7010,Galigamuwa,314
Bank of Ceylon,7010,Ratnapura Hospital,315
Bank of Ceylon,7010,Gonagaldeniya,316
Bank of Ceylon,7010,Kiriella,317
Bank of Ceylon,7010,Potuvil,318
Bank of Ceylon,7010,Mahawewa,319
Bank of Ceylon,7010,Ballaketuwa,320
Bank of Ceylon,7010,Thanamalwila,322
Bank of Ceylon,7010,Kochchikade,323
Bank of Ceylon,7010,Kumbukgete,324
Bank of Ceylon,7010,Kuruwita,325
Bank of Ceylon,7010,Thirumurukandi,326
Bank of Ceylon,7010,Visuvamadu,328
Bank of Ceylon,7010,Ambanpola,329
Bank of Ceylon,7010,Anawilundawa,330
Bank of Ceylon,7010,Dambadeniya,331
Bank of Ceylon,7010,Katuneriya,332
Bank of Ceylon,7010,Katupotha,333
Bank of Ceylon,7010,Kirimetiyana,334
Bank of Ceylon,7010,Mihintale,335
Bank of Ceylon,7010,Thalaimannar Pier,336
Bank of Ceylon,7010,Pussellawa,337
Bank of Ceylon,7010,Savalkaddu,338
Bank of Ceylon,7010,Sirupiddy,339
Bank of Ceylon,7010,Wattegama,340
Bank of Ceylon,7010,Puthukudieruppu,341
Bank of Ceylon,7010,Puthukulam,342
Bank of Ceylon,7010,Uva Paranagama,343
Bank of Ceylon,7010,Pesalai,344
Bank of Ceylon,7010,Poonagary,345
Bank of Ceylon,7010,Poovarasankulam,346
Bank of Ceylon,7010,Punnalaikadduvan,347
Bank of Ceylon,7010,Padiyatalawa,348
Bank of Ceylon,7010,Mallavi,349
Bank of Ceylon,7010,Manthikai,351
Bank of Ceylon,7010,Maruthankerny,352
Bank of Ceylon,7010,Mulankavil,353
Bank of Ceylon,7010,Mullativu,355
Bank of Ceylon,7010,Murungan,356
Bank of Ceylon,7010,Nainativu,357
Bank of Ceylon,7010,Nallur,358
Bank of Ceylon,7010,Nanatan,359
Bank of Ceylon,7010,Nedunkerny,360
Bank of Ceylon,7010,Oddusudan,361
Bank of Ceylon,7010,Omanthai,362
Bank of Ceylon,7010,Pallai,363
Bank of Ceylon,7010,Paranthan,364
Bank of Ceylon,7010,Hasalaka,365
Bank of Ceylon,7010,Jaffna Bus Stand,366
Bank of Ceylon,7010,Jaffna Main Street,368
Bank of Ceylon,7010,Jaffna University,369
Bank of Ceylon,7010,Kaithady,370
Bank of Ceylon,7010,Kalviyankadu,371
Bank of Ceylon,7010,Karanavai,372
Bank of Ceylon,7010,Kayts,373
Bank of Ceylon,7010,Kodikamam,375
Bank of Ceylon,7010,Kokuvil,376
Bank of Ceylon,7010,Illavalai,377
Bank of Ceylon,7010,Madhu,378
Bank of Ceylon,7010,Wariyapola,379
Bank of Ceylon,7010,Alaveddy,380
Bank of Ceylon,7010,Andankulam,381
Bank of Ceylon,7010,Cheddikulam,382
Bank of Ceylon,7010,Delft,383
Bank of Ceylon,7010,Meegahakiwula,384
Bank of Ceylon,7010,Vavunathivu,385
Bank of Ceylon,7010,Vellaveli,386
Bank of Ceylon,7010,Diyabeduma,388
Bank of Ceylon,7010,Diyasenpura,389
Bank of Ceylon,7010,Doramadalawa,390
Bank of Ceylon,7010,Galamuna,391
Bank of Ceylon,7010,General Hospital-Anuradhapur,392
Bank of Ceylon,7010,Habarana,393
Bank of Ceylon,7010,Minneriya,394
Bank of Ceylon,7010,Padaviya,395
Bank of Ceylon,7010,Rajanganaya,396
Bank of Ceylon,7010,Rajina Junction,397
Bank of Ceylon,7010,Ranajayapura,398
Bank of Ceylon,7010,Sevanapitiya,399
Bank of Ceylon,7010,Thalawa,400
Bank of Ceylon,7010,Ayagama,401
Bank of Ceylon,7010,Oddamavady,402
Bank of Ceylon,7010,Oluwil,403
Bank of Ceylon,7010,Palugamam,404
Bank of Ceylon,7010,Polwatte,405
Bank of Ceylon,7010,Palmuddai,406
Bank of Ceylon,7010,Sainthamarathu,407
Bank of Ceylon,7010,Serunuwara,408
Bank of Ceylon,7010,Thambiluvil,409
Bank of Ceylon,7010,Thampalakamam,410
Bank of Ceylon,7010,Thoppur,411
Bank of Ceylon,7010,Uhana,413
Bank of Ceylon,7010,Uppuvely,414
Bank of Ceylon,7010,Vakarai,415
Bank of Ceylon,7010,Siyambalanduwa,416
Bank of Ceylon,7010,Mollipothana,417
Bank of Ceylon,7010,Morawewa,418
Bank of Ceylon,7010,Navithanvely,419
Bank of Ceylon,7010,Nilavely,420
Bank of Ceylon,7010,Seeduwa,421
Bank of Ceylon,7010,Malwatte,422
Bank of Ceylon,7010,Mamangama,423
Bank of Ceylon,7010,Maruthamunai,424
Bank of Ceylon,7010,Pundaluoya,425
Bank of Ceylon,7010,Kallady,426
Bank of Ceylon,7010,Kallar,427
Bank of Ceylon,7010,Karadiyanaru,428
Bank of Ceylon,7010,Karaitivu,429
Bank of Ceylon,7010,Kiran,430
Bank of Ceylon,7010,Kokkadicholai,431
Bank of Ceylon,7010,Galewela,432
Bank of Ceylon,7010,Divulapitiya,433
Bank of Ceylon,7010,Wellawaya,434
Bank of Ceylon,7010,China Bay,436
Bank of Ceylon,7010,Eastern University,437
Bank of Ceylon,7010,Gonagolla,438
Bank of Ceylon,7010,Irakkamam,439
Bank of Ceylon,7010,Samanthurai,440
Bank of Ceylon,7010,Pujapitiya,441
Bank of Ceylon,7010,Ragala,442
Bank of Ceylon,7010,Sigiriya,443
Bank of Ceylon,7010,Ukuwela,444
Bank of Ceylon,7010,University Of Peradeniya,445
Bank of Ceylon,7010,Upcott,446
Bank of Ceylon,7010,Wilgamuwa,447
Bank of Ceylon,7010,Addalachchenai,448
Bank of Ceylon,7010,Alankerny,449
Bank of Ceylon,7010,Araiyampathy,451
Bank of Ceylon,7010,Batticaloa Town,452
Bank of Ceylon,7010,Independent  Square,453
Bank of Ceylon,7010,Kandy Hospital,454
Bank of Ceylon,7010,Kotagala,455
Bank of Ceylon,7010,Marassana,456
Bank of Ceylon,7010,Meepilimana,458
Bank of Ceylon,7010,Menikhinna,459
Bank of Ceylon,7010,Palapathwela,461
Bank of Ceylon,7010,Botanical Gardens Peradeniya,462
Bank of Ceylon,7010,Haldummulla,463
Bank of Ceylon,7010,BOI Pallekelle,464
Bank of Ceylon,7010,Bokkawala,465
Bank of Ceylon,7010,Danture,466
Bank of Ceylon,7010,Daulagala,467
Bank of Ceylon,7010,Digana Village,469
Bank of Ceylon,7010,Gampola City,470
Bank of Ceylon,7010,Ginigathhena,471
Bank of Ceylon,7010,Hatharaliyadda,472
Bank of Ceylon,7010,Kandy City Centre,473
Bank of Ceylon,7010,Court Complex Kandy,474
Bank of Ceylon,7010,Ettampitiya,476
Bank of Ceylon,7010,Yatiyantota,477
Bank of Ceylon,7010,Adikarigama,487
Bank of Ceylon,7010,Agarapathana,488
Bank of Ceylon,7010,Akurana,489
Bank of Ceylon,7010,Ankumbura,490
Bank of Ceylon,7010,Bogawantalawa,491
Bank of Ceylon,7010,Padiyapelella,492
Bank of Ceylon,7010,Andiambalama,494
Bank of Ceylon,7010,Dankotuwa,497
Bank of Ceylon,7010,Alawwa,498
Bank of Ceylon,7010,Wijerama Junction,499
Bank of Ceylon,7010,Jaffna 2nd Branch,500
Bank of Ceylon,7010,Chavakachcheri,501
Bank of Ceylon,7010,Kaduruwela,502
Bank of Ceylon,7010,Passara,503
Bank of Ceylon,7010,Devinuwara,504
Bank of Ceylon,7010,Wattala,505
Bank of Ceylon,7010,Maskeliya,506
Bank of Ceylon,7010,Kahawatte,507
Bank of Ceylon,7010,Wennappuwa,508
Bank of Ceylon,7010,Hingurana,509
Bank of Ceylon,7010,Kalmunai,510
Bank of Ceylon,7010,Mulliyawalai,511
Bank of Ceylon,7010,Thimbirigasyaya,512
Bank of Ceylon,7010,Kurunegala Bazaar,513
Bank of Ceylon,7010,Galnewa,514
Bank of Ceylon,7010,Bandarawela,515
Bank of Ceylon,7010,Thalawathugoda,516
Bank of Ceylon,7010,Walasmulla,517
Bank of Ceylon,7010,Middeniya,518
Bank of Ceylon,7010,Sri Jayawardenapura Hospital,520
Bank of Ceylon,7010,Hyde Park,521
Bank of Ceylon,7010,Batapola,522
Bank of Ceylon,7010,Gelioya,524
Bank of Ceylon,7010,Baddegama,525
Bank of Ceylon,7010,Polgahawela,526
Bank of Ceylon,7010,Welisara,527
Bank of Ceylon,7010,Deniyaya,528
Bank of Ceylon,7010,Kamburupitiya,529
Bank of Ceylon,7010,Avissawella,530
Bank of Ceylon,7010,Talawakelle,531
Bank of Ceylon,7010,Ridigama,532
Bank of Ceylon,7010,Pitakotte,533
Bank of Ceylon,7010,Narammala,534
Bank of Ceylon,7010,Embilipitiya,535
Bank of Ceylon,7010,Kegalle Bazaar,536
Bank of Ceylon,7010,Ambalantota,537
Bank of Ceylon,7010,Tissamaharama,538
Bank of Ceylon,7010,Beliatta,539
Bank of Ceylon,7010,Badalkumbura,540
Bank of Ceylon,7010,Pelawatte City Kalutara,541
Bank of Ceylon,7010,Mahiyangana,542
Bank of Ceylon,7010,Kiribathgoda,543
Bank of Ceylon,7010,Madampe,544
Bank of Ceylon,7010,Minuwangoda,545
Bank of Ceylon,7010,Pannala,546
Bank of Ceylon,7010,Nikaweratiya,547
Bank of Ceylon,7010,Anamaduwa,548
Bank of Ceylon,7010,Galgamuwa,549
Bank of Ceylon,7010,Weligama,550
Bank of Ceylon,7010,Anuradhapura Bazzar,551
Bank of Ceylon,7010,National Institute Of Education,552
Bank of Ceylon,7010,Giriulla,553
Bank of Ceylon,7010,Bingiriya,554
Bank of Ceylon,7010,Melsiripura,555
Bank of Ceylon,7010,Matugama,556
Bank of Ceylon,7010,Moratumulla,557
Bank of Ceylon,7010,Waikkal,558
Bank of Ceylon,7010,Mawanella,559
Bank of Ceylon,7010,Buttala,560
Bank of Ceylon,7010,Dematagoda,561
Bank of Ceylon,7010,Warakapola,562
Bank of Ceylon,7010,Dharga Town,563
Bank of Ceylon,7010,Maho,564
Bank of Ceylon,7010,Madurankuliya,565
Bank of Ceylon,7010,Aranayake,566
Bank of Ceylon,7010,Dedicated Economic Centre-Meegoda,567
Bank of Ceylon,7010,Homagama,568
Bank of Ceylon,7010,Hiripitiya,569
Bank of Ceylon,7010,Hettipola,570
Bank of Ceylon,7010,Kirindiwela,571
Bank of Ceylon,7010,Negombo Bazzar,572
Bank of Ceylon,7010,Central Bus Stand,573
Bank of Ceylon,7010,Mankulam,574
Bank of Ceylon,7010,Gampola,575
Bank of Ceylon,7010,Dambulla,576
Bank of Ceylon,7010,Lunugala,577
Bank of Ceylon,7010,Yakkalamulla,578
Bank of Ceylon,7010,Bibile,579
Bank of Ceylon,7010,Dummalasuriya,580
Bank of Ceylon,7010,Madawala,581
Bank of Ceylon,7010,Rambukkana,582
Bank of Ceylon,7010,Mattegoda,583
Bank of Ceylon,7010,Wadduwa,584
Bank of Ceylon,7010,Ruwanwella,585
Bank of Ceylon,7010,Pilimatalawa,587
Bank of Ceylon,7010,Peradeniya,588
Bank of Ceylon,7010,Kalpitiya,589
Bank of Ceylon,7010,Akkaraipattu,590
Bank of Ceylon,7010,Nintavur,591
Bank of Ceylon,7010,Dikwella,592
Bank of Ceylon,7010,Milagiriya,593
Bank of Ceylon,7010,Rakwana,594
Bank of Ceylon,7010,Kolonnawa,595
Bank of Ceylon,7010,Talgaswela,596
Bank of Ceylon,7010,Nivitigala,597
Bank of Ceylon,7010,Nawalapitiya,598
Bank of Ceylon,7010,Aralaganwila,599
Bank of Ceylon,7010,Jayanthipura,600
Bank of Ceylon,7010,Hingurakgoda,601
Bank of Ceylon,7010,Kirulapana,602
Bank of Ceylon,7010,Lanka Hospital,603
Bank of Ceylon,7010,Ingiriya,604
Bank of Ceylon,7010,Kankesanthurai,605
Bank of Ceylon,7010,Udadumbara,606
Bank of Ceylon,7010,Panadura Bazaar,607
Bank of Ceylon,7010,Kaduwela,608
Bank of Ceylon,7010,Hikkaduwa,609
Bank of Ceylon,7010,Pitigala,610
Bank of Ceylon,7010,Kaluwanchikudy,611
Bank of Ceylon,7010,Lake View,612
Bank of Ceylon,7010,Akuressa,613
Bank of Ceylon,7010,Matara City,614
Bank of Ceylon,7010,Galagedera,615
Bank of Ceylon,7010,Kataragama,616
Bank of Ceylon,7010,Keselwatte,617
Bank of Ceylon,7010,Metropolitan,618
Bank of Ceylon,7010,Elpitiya,619
Bank of Ceylon,7010,Kesbewa,620
Bank of Ceylon,7010,Kebithigollawa,621
Bank of Ceylon,7010,Kahatagasdigiliya,622
Bank of Ceylon,7010,Kantale Bazaar,623
Bank of Ceylon,7010,Trincomalee Bazaar,624
Bank of Ceylon,7010,Katukurunda,625
Bank of Ceylon,7010,Valachchenai,626
Bank of Ceylon,7010,Regent Street,627
Bank of Ceylon,7010,Grandpass,628
Bank of Ceylon,7010,Koslanda,629
Bank of Ceylon,7010,Chenkalady,630
Bank of Ceylon,7010,Katubedda Campus,631
Bank of Ceylon,7010,Kandapola,633
Bank of Ceylon,7010,Dehiowita,634
Bank of Ceylon,7010,Lake House,636
Bank of Ceylon,7010,Nelliady,638
Bank of Ceylon,7010,Rattota,639
Bank of Ceylon,7010,Pallepola,640
Bank of Ceylon,7010,Medirigiriya,641
Bank of Ceylon,7010,Deraniyagala,642
Bank of Ceylon,7010,Gonapola,643
Bank of Ceylon,7010,Parliamentary Complex,644
Bank of Ceylon,7010,Kalawana,645
Bank of Ceylon,7010,Boralesgamuwa,646
Bank of Ceylon,7010,Lunuwatte,647
Bank of Ceylon,7010,Kattankudy,648
Bank of Ceylon,7010,Kandy 2nd,649
Bank of Ceylon,7010,Talatuoya,650
Bank of Ceylon,7010,Bombuwela,651
Bank of Ceylon,7010,Bakamuna,652
Bank of Ceylon,7010,Galkiriyagama,653
Bank of Ceylon,7010,Madatugama,654
Bank of Ceylon,7010,Tambuttegama,655
Bank of Ceylon,7010,Nochchiyagama,656
Bank of Ceylon,7010,Agalawatta,657
Bank of Ceylon,7010,Katunayake I.P.Z.,658
Bank of Ceylon,7010,Gurugoda,659
Bank of Ceylon,7010,Corporate,660
Bank of Ceylon,7010,Baduraliya,662
Bank of Ceylon,7010,Kotahena,663
Bank of Ceylon,7010,Pothuhera,664
Bank of Ceylon,7010,Bandaragama,665
Bank of Ceylon,7010,Katugastota,666
Bank of Ceylon,7010,Neluwa,667
Bank of Ceylon,7010,Borella  2nd,668
Bank of Ceylon,7010,Girandurukotte,669
Bank of Ceylon,7010,Kollupitiya 2nd,670
Bank of Ceylon,7010,Isurupaya,671
Bank of Ceylon,7010,Colombo Gold Center ,672
Bank of Ceylon,7010,Bulathsinhala,673
Bank of Ceylon,7010,Enderamulla,674
Bank of Ceylon,7010,Nittambuwa,675
Bank of Ceylon,7010,Kekirawa,676
Bank of Ceylon,7010,Weliweriya,677
Bank of Ceylon,7010,Padukka,678
Bank of Ceylon,7010,Battaramulla,679
Bank of Ceylon,7010,Aluthgama,680
Bank of Ceylon,7010,Personal,681
Bank of Ceylon,7010,Veyangoda,682
Bank of Ceylon,7010,Pelmadulla,683
Bank of Ceylon,7010,Ratnapura Bazaar,684
Bank of Ceylon,7010,Ward Place,685
Bank of Ceylon,7010,Dehiattakandiya,686
Bank of Ceylon,7010,Raddolugama,687
Bank of Ceylon,7010,Balangoda,688
Bank of Ceylon,7010,Ratmalana,689
Bank of Ceylon,7010,Pelawatta,690
Bank of Ceylon,7010,Hakmana,691
Bank of Ceylon,7010,Eppawala,692
Bank of Ceylon,7010,Ruhunu Campus,693
Bank of Ceylon,7010,Bogahakumbura,699
Bank of Ceylon,7010,Dambagalla,700
Bank of Ceylon,7010,Ella,701
Bank of Ceylon,7010,Ethiliwewa,702
Bank of Ceylon,7010,Keppetipola,703
Bank of Ceylon,7010,Moneragala Town,705
Bank of Ceylon,7010,Okkampitiya,706
Bank of Ceylon,7010,Pelawatta,707
Bank of Ceylon,7010,Batuwatte,708
Bank of Ceylon,7010,Bopitiya,711
Bank of Ceylon,7010,Asiri Central,713
Bank of Ceylon,7010,Katuwellegama Courtaulds Clothing Lanka (Pvt) Ltd,714
Bank of Ceylon,7010,Dalugama,715
Bank of Ceylon,7010,Delgoda,716
Bank of Ceylon,7010,Demanhandiya,717
Bank of Ceylon,7010,Fish Market Peliyagoda,718
Bank of Ceylon,7010,Ganemulla,720
Bank of Ceylon,7010,Gothatuwa,721
Bank of Ceylon,7010,Mahahunupitiya,722
Bank of Ceylon,7010,Mulleriyawa New Town,723
Bank of Ceylon,7010,Naiwala,724
Bank of Ceylon,7010,Meegalewa,728
Bank of Ceylon,7010,Badulla City,729
Bank of Ceylon,7010,Welimada,730
Bank of Ceylon,7010,Ceybank Credit card centre,731
Bank of Ceylon,7010,Biyagama,732
Bank of Ceylon,7010,Warapitiya,733
Bank of Ceylon,7010,Kinniya,735
Bank of Ceylon,7010,Piliyandala,736
Bank of Ceylon,7010,Hanwella,741
Bank of Ceylon,7010,Walapane,743
Bank of Ceylon,7010,Walgama,744
Bank of Ceylon,7010,Rajagiriya,746
Bank of Ceylon,7010,Taprobane,747
Bank of Ceylon,7010,Uragasmanhandiya,748
Bank of Ceylon,7010,Karainagar,749
Bank of Ceylon,7010,Koggala E.P.Z,750
Bank of Ceylon,7010,Suriyawewa,751
Bank of Ceylon,7010,Thihagoda,752
Bank of Ceylon,7010,Udugama,753
Bank of Ceylon,7010,Ahungalla,754
Bank of Ceylon,7010,Athurugiriya,757
Bank of Ceylon,7010,Treasury Division,760
Bank of Ceylon,7010,Thirunelvely,761
Bank of Ceylon,7010,Narahenpita,762
Bank of Ceylon,7010,Malabe,763
Bank of Ceylon,7010,Ragama,764
Bank of Ceylon,7010,Pugoda,765
Bank of Ceylon,7010,Mount Lavinia,766
Bank of Ceylon,7010,Ranna,767
Bank of Ceylon,7010,Alawathugoda,768
Bank of Ceylon,7010,Yakkala,769
Bank of Ceylon,7010,Ibbagamuwa,770
Bank of Ceylon,7010,Kandana,771
Bank of Ceylon,7010,Hemmathagama,772
Bank of Ceylon,7010,Kottawa,773
Bank of Ceylon,7010,Angunakolapelessa,774
Bank of Ceylon,7010,Visakha,775
Bank of Ceylon,7010,Islamic Banking Unit,776
Bank of Ceylon,7010,Electronic Banking Unit,777
Bank of Ceylon,7010,Atchuvely,778
Bank of Ceylon,7010,Norchcholei,779
Bank of Ceylon,7010,Kadawatha 2nd City,780
Bank of Ceylon,7010,Teldeniya,781
Bank of Ceylon,7010,Rambewa,782
Bank of Ceylon,7010,Polpithigama,783
Bank of Ceylon,7010,Deiyandara,784
Bank of Ceylon,7010,Hali ela,785
Bank of Ceylon,7010,Godakawela,786
Bank of Ceylon,7010,Kopay,787
Bank of Ceylon,7010,BOC premier,788
Bank of Ceylon,7010,Makola,789
Bank of Ceylon,7010,Eravur,790
Bank of Ceylon,7010,Valvettithurai,791
Bank of Ceylon,7010,Chankanai,792
Bank of Ceylon,7010,Vavuniya City,793
Bank of Ceylon,7010,Urumpirai,794
Bank of Ceylon,7010,Boragas,795
Bank of Ceylon,7010,Mattala Airport,796
Bank of Ceylon,7010,Medawala,797
Bank of Ceylon,7010,Thalduwa,798
Bank of Ceylon,7010,Nelundeniya,799
Bank of Ceylon,7010,Wanduramba,800
Bank of Ceylon,7010,"Provincial Council Complex,Pallakelle",802
Bank of Ceylon,7010,Welioya-Sampath Nuwara,803
Bank of Ceylon,7010,Vaddukoddai,804
Bank of Ceylon,7010,Madawakkulama,805
Bank of Ceylon,7010,Mahaoya,806
Bank of Ceylon,7010,Bogaswewa,808
Bank of Ceylon,7010,Kurunduwatte,809
Bank of Ceylon,7010,Ethimale,810
Bank of Ceylon,7010,Central Camp,811
Bank of Ceylon,7010,Aladeniya,812
Bank of Ceylon,7010,Kothalawala Defence University,813
Bank of Ceylon,7010,Saliyawewa,814
Bank of Ceylon,7010,Wahalkada,815
Bank of Ceylon,7010,Pallebedda,816
Bank of Ceylon,7010,Welikanda,817
Bank of Ceylon,7010,Nagoda,818
Bank of Ceylon,7010,Old Moor Street ,819
Bank of Ceylon,7010,Unawatuna,820
Bank of Ceylon,7010,Dombagahawela,821
Bank of Ceylon,7010,Corporate 2nd,822
Bank of Ceylon,7010,Sewanagala,823
Bank of Ceylon,7010,Andiyagala,824
Bank of Ceylon,7010,Laggala,825
Bank of Ceylon,7010,Dunagaha ,826
Bank of Ceylon,7010,Kandaketiya ,827
Bank of Ceylon,7010,Andaulpotha,829
Bank of Ceylon,7010,Wayamba Central Branch,831
Bank of Ceylon,7010,Weerambugedara,832
Bank of Ceylon,7010,Premier Branch - Galle,833
Bank of Ceylon,7010,Premier Branch - Kurunegala,834
Bank of Ceylon,7010,Head Office,999
Standard Chartered Bank,7038,Head Office,1
Standard Chartered Bank,7038,One Galle Face ,2
Standard Chartered Bank,7038,Wellawatte,3
Standard Chartered Bank,7038,Kiribathgoda,4
Standard Chartered Bank,7038,Kirullapone,5
Standard Chartered Bank,7038,Moratuwa,6
Standard Chartered Bank,7038,Rajagiriya,7
Standard Chartered Bank,7038,Priority Banking Centre,11
Standard Chartered Bank,7038,Head Office,999
,,,
,Citi Bank,,
Citi Bank,7047,Head Office,0
Citi Bank,7047,Head Office,1
Citi Bank,7047,Cash Mgmt,100
Citi Bank,7047,Head Office,999
Commercial Bank PLC,7056,Head Office,0
Commercial Bank PLC,7056,Head Office,1
Commercial Bank PLC,7056,City Office,2
Commercial Bank PLC,7056,Corporate ,3
Commercial Bank PLC,7056,Kandy,4
Commercial Bank PLC,7056,Galle Fort,5
Commercial Bank PLC,7056,Jaffna,6
Commercial Bank PLC,7056,Matara,7
Commercial Bank PLC,7056,Matale,8
Commercial Bank PLC,7056,Galewela,9
Commercial Bank PLC,7056,Wellawatte,10
Commercial Bank PLC,7056,Kollupitiya,11
Commercial Bank PLC,7056,Kotahena,12
Commercial Bank PLC,7056,Negombo,13
Commercial Bank PLC,7056,Hikkaduwa,14
Commercial Bank PLC,7056,Hingurakgoda,15
Commercial Bank PLC,7056,Kurunegala,16
Commercial Bank PLC,7056,Old Moor Street,17
Commercial Bank PLC,7056,Maharagama,18
Commercial Bank PLC,7056,Borella,19
Commercial Bank PLC,7056,Nugegoda,20
Commercial Bank PLC,7056,Kegalle,21
Commercial Bank PLC,7056,Narahenpita,22
Commercial Bank PLC,7056,Mutuwal,23
Commercial Bank PLC,7056,Pettah,24
Commercial Bank PLC,7056,Katunayake FTZ,25
Commercial Bank PLC,7056,Wennappuwa,26
Commercial Bank PLC,7056,Galle City,27
Commercial Bank PLC,7056,Koggala,28
Commercial Bank PLC,7056,Battaramulla,29
Commercial Bank PLC,7056,Embilipitiya,30
Commercial Bank PLC,7056,Kandana,31
Commercial Bank PLC,7056,Maradana,32
Commercial Bank PLC,7056,Minuwangoda,33
Commercial Bank PLC,7056,Nuwara Eliya,34
Commercial Bank PLC,7056,Akuressa,35
Commercial Bank PLC,7056,Kalutara,36
Commercial Bank PLC,7056,Trincomalee,37
Commercial Bank PLC,7056,Panchikawatte,38
Commercial Bank PLC,7056,Keyzer Street,39
Commercial Bank PLC,7056,Aluthgama,40
Commercial Bank PLC,7056,Panadura,41
Commercial Bank PLC,7056,Kaduwela,42
Commercial Bank PLC,7056,Chilaw,43
Commercial Bank PLC,7056,Gampaha,44
Commercial Bank PLC,7056,Katugastota,45
Commercial Bank PLC,7056,Ratmalana,46
Commercial Bank PLC,7056,Kirulapona,47
Commercial Bank PLC,7056,Union Place,48
Commercial Bank PLC,7056,Ratnapura,49
Commercial Bank PLC,7056,Colombo 07,50
Commercial Bank PLC,7056,Kuliyapitiya,51
Commercial Bank PLC,7056,Badulla,52
Commercial Bank PLC,7056,Anuradhapura,53
Commercial Bank PLC,7056,Dambulla,54
Commercial Bank PLC,7056,Nattandiya,55
Commercial Bank PLC,7056,Wattala,56
Commercial Bank PLC,7056,Grandpass,57
Commercial Bank PLC,7056,Dehiwala,58
Commercial Bank PLC,7056,Moratuwa,59
Commercial Bank PLC,7056,Narammala,60
Commercial Bank PLC,7056,Vavuniya,61
Commercial Bank PLC,7056,Rajagiriya,62
Commercial Bank PLC,7056,Ambalantota,63
Commercial Bank PLC,7056,Seeduwa,64
Commercial Bank PLC,7056,Nittambuwa,65
Commercial Bank PLC,7056,Mirigama,66
Commercial Bank PLC,7056,Kadawatha,67
Commercial Bank PLC,7056,Duplication Road,68
Commercial Bank PLC,7056,Kiribathgoda,69
Commercial Bank PLC,7056,Avissawella,70
Commercial Bank PLC,7056,Ekala ,71
Commercial Bank PLC,7056,Pettah Main Street,72
Commercial Bank PLC,7056,Peradeniya ,73
Commercial Bank PLC,7056,Kochchikade ,74
Commercial Bank PLC,7056,Homagama,75
Commercial Bank PLC,7056,Horana,76
Commercial Bank PLC,7056,Piliyandala,77
Commercial Bank PLC,7056,Thalawathugoda ,78
Commercial Bank PLC,7056,Mawanella,79
Commercial Bank PLC,7056,Bandarawela,80
Commercial Bank PLC,7056,Ja-Ela,81
Commercial Bank PLC,7056,Balangoda,82
Commercial Bank PLC,7056,Nikaweratiya,83
Commercial Bank PLC,7056,Bandaragama ,84
Commercial Bank PLC,7056,Yakkala,85
Commercial Bank PLC,7056,Malabe,86
Commercial Bank PLC,7056,Kohuwala,87
Commercial Bank PLC,7056,Kaduruwela,88
Commercial Bank PLC,7056,Nawalapitiya,89
Commercial Bank PLC,7056,Mount Lavinia,93
Commercial Bank PLC,7056,Card Centre ,95
Commercial Bank PLC,7056,Mathugama,96
Commercial Bank PLC,7056,Ambalangoda,97
Commercial Bank PLC,7056,Baddegama,98
Commercial Bank PLC,7056,Ampara,100
Commercial Bank PLC,7056,Nawala  ,101
Commercial Bank PLC,7056,Gampola,102
Commercial Bank PLC,7056,Elpitiya,103
Commercial Bank PLC,7056,Kamburupitiya,104
Commercial Bank PLC,7056,Batticaloa,105
Commercial Bank PLC,7056,Bambalapitiya,106
Commercial Bank PLC,7056,Chunakkam,107
Commercial Bank PLC,7056,Nelliady,108
Commercial Bank PLC,7056,Pilimathalawa,109
Commercial Bank PLC,7056,Kekirawa,110
Commercial Bank PLC,7056,Deniyaya,111
Commercial Bank PLC,7056,Weligama,112
Commercial Bank PLC,7056,Baseline ,113
Commercial Bank PLC,7056,Katubedda,114
Commercial Bank PLC,7056,Hatton,115
Commercial Bank PLC,7056,Reid Avenue,116
Commercial Bank PLC,7056,Pitakotte ,117
Commercial Bank PLC,7056,Negombo City Office ,118
Commercial Bank PLC,7056,Kotikawatta,119
Commercial Bank PLC,7056,Monaragala,120
Commercial Bank PLC,7056,Kottawa,121
Commercial Bank PLC,7056,Kurunegala city office,122
Commercial Bank PLC,7056,Tangalle,123
Commercial Bank PLC,7056,Tissamaharama,124
Commercial Bank PLC,7056,Neluwa,125
Commercial Bank PLC,7056,Chavakachcheri,126
Commercial Bank PLC,7056,"Stanley Road,Jaffna ",127
Commercial Bank PLC,7056,Warakapola,128
Commercial Bank PLC,7056,Udugama,129
Commercial Bank PLC,7056,Athurugiriya,130
Commercial Bank PLC,7056,Raddolugama ,131
Commercial Bank PLC,7056,Boralesgamuwa(laugfs super),132
Commercial Bank PLC,7056,Kahawatta,133
Commercial Bank PLC,7056,Delkanda ,134
Commercial Bank PLC,7056,karapitiya,135
Commercial Bank PLC,7056,Welimada,136
Commercial Bank PLC,7056,Mahiyanganaya,137
Commercial Bank PLC,7056,Kalawana,138
Commercial Bank PLC,7056,Kirindiwela,139
Commercial Bank PLC,7056,Digana,140
Commercial Bank PLC,7056,Polgahawela,141
Commercial Bank PLC,7056,Boralesgamuwa,142
Commercial Bank PLC,7056,Hanwella,143
Commercial Bank PLC,7056,Pannala,144
Commercial Bank PLC,7056,Ward Place,145
Commercial Bank PLC,7056,Wadduwa,146
Commercial Bank PLC,7056,Biyagama,147
Commercial Bank PLC,7056,Puttlam,148
Commercial Bank PLC,7056,Pelmadulla,149
Commercial Bank PLC,7056,Kandy City office,150
Commercial Bank PLC,7056,Matara City office,151
Commercial Bank PLC,7056,Kalmunai,152
Commercial Bank PLC,7056,Manipay,153
Commercial Bank PLC,7056,Mannar,154
Commercial Bank PLC,7056,Kilinochchi,155
Commercial Bank PLC,7056,Achchuvely ,156
Commercial Bank PLC,7056,Thirunelvely,157
Commercial Bank PLC,7056,Eheliyagoda,158
Commercial Bank PLC,7056,Valachchenai,159
Commercial Bank PLC,7056,Wellawaya,160
Commercial Bank PLC,7056,Mawathagama,161
Commercial Bank PLC,7056,Thambuttegama,162
Commercial Bank PLC,7056,Ruwanwella,163
Commercial Bank PLC,7056,Dankotuwa,164
Commercial Bank PLC,7056,Peliyagoda,165
Commercial Bank PLC,7056,Hambantota,166
Commercial Bank PLC,7056,Katubedda(minicom),167
Commercial Bank PLC,7056,Chenkalady,168
Commercial Bank PLC,7056,Elite ,169
Commercial Bank PLC,7056,Velanai,170
Commercial Bank PLC,7056,Vavuniya  Second,171
Commercial Bank PLC,7056,Akkaraipattu,172
Commercial Bank PLC,7056,Kataragama,173
Commercial Bank PLC,7056,Wariyapola,174
Commercial Bank PLC,7056,Kuruwita,175
Commercial Bank PLC,7056,Middeniya,176
Commercial Bank PLC,7056,Ganemulla,177
Commercial Bank PLC,7056,World Trade Centre,178
Commercial Bank PLC,7056,Wellawatte 2nd,179
Commercial Bank PLC,7056,Divulapitiya,180
Commercial Bank PLC,7056,Beliatta,181
Commercial Bank PLC,7056,Giriulla,182
Commercial Bank PLC,7056,Marawila ,183
Commercial Bank PLC,7056,Thalawakelle,184
Commercial Bank PLC,7056,Anuradhapura New Town,185
Commercial Bank PLC,7056,Passara,186
Commercial Bank PLC,7056,Padukka ,187
Commercial Bank PLC,7056,Alawwa,188
Commercial Bank PLC,7056,Panadura City Office ,189
Commercial Bank PLC,7056,Katunayake 24/7 Centre,190
Commercial Bank PLC,7056,Kattankudy,193
Commercial Bank PLC,7056,Pottuvil,194
Commercial Bank PLC,7056,Maskeliya,195
Commercial Bank PLC,7056,Kollupitiya(liberty plaza),196
Commercial Bank PLC,7056,Godakawela ,197
Commercial Bank PLC,7056,Kodikamam,198
Commercial Bank PLC,7056,Makola ,199
Commercial Bank PLC,7056,Medawachchiya,200
Commercial Bank PLC,7056,SLIC-  C.S.P,204
Commercial Bank PLC,7056,Palavi ,206
Commercial Bank PLC,7056,Nawala-Minicom,208
Commercial Bank PLC,7056,Maharagama(laugfs super),209
Commercial Bank PLC,7056,Moratuwa(laugfs super),210
Commercial Bank PLC,7056,Union Place (Keells Super),211
Commercial Bank PLC,7056,Kurunegala(minicom),212
Commercial Bank PLC,7056,Rathnapura City Branch,213
Commercial Bank PLC,7056,Ramanayake Mawatha,216
Commercial Bank PLC,7056,Kirulapone-Minicom,217
Commercial Bank PLC,7056,Gampaha City Branch,218
Commercial Bank PLC,7056,Akurana(minicom),219
Commercial Bank PLC,7056,Beruwela(minicom),220
Commercial Bank PLC,7056,Ragama ,221
Commercial Bank PLC,7056,Matara(keells super),222
Commercial Bank PLC,7056,Panadura(keells super),223
Commercial Bank PLC,7056,Horana(wijemanna super),224
Commercial Bank PLC,7056,Wattala-Minicom,225
Commercial Bank PLC,7056,Bokundara ,226
Commercial Bank PLC,7056,Katukurunda(minicom),227
Commercial Bank PLC,7056,Weliweria ,228
Commercial Bank PLC,7056,Mulliyawalai,229
Commercial Bank PLC,7056,Ja-Ela-Minicom,230
Commercial Bank PLC,7056,Attidiya,231
Commercial Bank PLC,7056,Hulftsdorp,232
Commercial Bank PLC,7056,Ethul Kotte (Minicom),233
Commercial Bank PLC,7056,Kadawatha (Arpico Super),234
Commercial Bank PLC,7056,Urubokka,236
Commercial Bank PLC,7056,Colombo Gold Centre,237
Commercial Bank PLC,7056,Nawinna (Arpico Super),238
Commercial Bank PLC,7056,Chankanai,239
Commercial Bank PLC,7056,Batapola,240
Commercial Bank PLC,7056,Nochchiyagama,241
Commercial Bank PLC,7056,Batticaloa Second,242
Commercial Bank PLC,7056,Badulla Second,244
Commercial Bank PLC,7056,Katugastota-Minicom,245
Commercial Bank PLC,7056,Wattgama,246
Commercial Bank PLC,7056,Bandarawatta (Laugfs Super),247
Commercial Bank PLC,7056,Wennapuwa (Arpico Super),248
Commercial Bank PLC,7056,BIA Counter,249
Commercial Bank PLC,7056,Veyangoda,250
Commercial Bank PLC,7056,Dehiwala Arpico Super Centre,251
Commercial Bank PLC,7056,Batharamulla Arpico Super Centre,252
Commercial Bank PLC,7056,Hydepark Arpico Service Center,253
Commercial Bank PLC,7056,Aniwatta(nihals super),254
Commercial Bank PLC,7056,Kundasale ,255
Commercial Bank PLC,7056,Negombo (Minicom),256
Commercial Bank PLC,7056,Kiribathgoda(laugfs super),257
Commercial Bank PLC,7056,Bambalapitiya(majestic city),258
Commercial Bank PLC,7056,Nawam Mawatha ,259
Commercial Bank PLC,7056,Wattala Arpico Super Center,260
Commercial Bank PLC,7056,Nittambuwa(nihal super),261
Commercial Bank PLC,7056,Pelawatte,262
Commercial Bank PLC,7056,Handala,264
Commercial Bank PLC,7056,Gelioya(arpico super),265
Commercial Bank PLC,7056,Kohuwala (Minicom),266
Commercial Bank PLC,7056,Kalutara (Arpico Super),267
Commercial Bank PLC,7056,Mattegoda (Laugfs Super),268
Commercial Bank PLC,7056,Delgoda,269
Commercial Bank PLC,7056,Orion City ABC,270
Commercial Bank PLC,7056,Galle Main Street,271
Commercial Bank PLC,7056,Kilinochchi Second,272
Commercial Bank PLC,7056,Point Pedro,274
Commercial Bank PLC,7056,Kelaniya,275
Commercial Bank PLC,7056,Deiyandara,276
Commercial Bank PLC,7056,Morawaka,277
Commercial Bank PLC,7056,Rambukkana,278
Commercial Bank PLC,7056,Katana,279
Commercial Bank PLC,7056,Bopitiya,280
Commercial Bank PLC,7056,Yatiyantota,281
Commercial Bank PLC,7056,Kolonnawa,282
Commercial Bank PLC,7056,Pitigala,283
Commercial Bank PLC,7056,Enderamulla,284
Commercial Bank PLC,7056,Ibbagamuwa,286
Commercial Bank PLC,7056,Embuldeniya,287
Commercial Bank PLC,7056,Teldeniya,288
Commercial Bank PLC,7056,Hettipola,289
Commercial Bank PLC,7056,Hettipola,292
Commercial Bank PLC,7056,Madampe,293
Commercial Bank PLC,7056,Anamaduwa,294
Commercial Bank PLC,7056,Kantale,295
Commercial Bank PLC,7056,Puthukkudiyiruppu,296
Commercial Bank PLC,7056,Trincomalee City,297
Commercial Bank PLC,7056,Islamic Banking Unit,901
Commercial Bank PLC,7056,Head Office,999
,,,
,,,
,Habib Bank Ltd,,
Habib Bank Ltd,7074,Habib Bank Ltd,0
Habib Bank Ltd,7074,Pettah ,1
Habib Bank Ltd,7074,Dharmapala Mawatha,2
Habib Bank Ltd,7074,Kalmunai,3
Habib Bank Ltd,7074,Kandy,5
Habib Bank Ltd,7074,Galle,6
Habib Bank Ltd,7074,Wellawatte,7
Habib Bank Ltd,7074,Islamic Banking,21
Habib Bank Ltd,7074,Head Office,999
Hatton National Bank PLC,7083,Aluthkade,1
Hatton National Bank PLC,7083,City Office,2
Hatton National Bank PLC,7083,Head Office,3
Hatton National Bank PLC,7083,Head Office,4
Hatton National Bank PLC,7083,Green Path,5
Hatton National Bank PLC,7083,Maligawatta,6
Hatton National Bank PLC,7083,Pettah,7
Hatton National Bank PLC,7083,Wellawatta,9
Hatton National Bank PLC,7083,Anuradhapura,10
Hatton National Bank PLC,7083,Badulla,11
Hatton National Bank PLC,7083,Bandarawela,12
Hatton National Bank PLC,7083,Galle,13
Hatton National Bank PLC,7083,Gampola,14
Hatton National Bank PLC,7083,Hatton,15
Hatton National Bank PLC,7083,Jaffna Metro,16
Hatton National Bank PLC,7083,Kahawatte,17
Hatton National Bank PLC,7083,Kandy,18
Hatton National Bank PLC,7083,Kurunegala,19
Hatton National Bank PLC,7083,Mannar,20
Hatton National Bank PLC,7083,Maskeliya,21
Hatton National Bank PLC,7083,Moratuwa,22
Hatton National Bank PLC,7083,Nawalapitiya,23
Hatton National Bank PLC,7083,Negombo,24
Hatton National Bank PLC,7083,Nittambuwa,25
Hatton National Bank PLC,7083,Nochchiyagama,26
Hatton National Bank PLC,7083,Nugegoda,27
Hatton National Bank PLC,7083,Nuwara Eliya,28
Hatton National Bank PLC,7083,Pussellawa,29
Hatton National Bank PLC,7083,Ratnapura,30
Hatton National Bank PLC,7083,Trincomalee,31
Hatton National Bank PLC,7083,Vavuniya,32
Hatton National Bank PLC,7083,Welimada,33
Hatton National Bank PLC,7083,Kalutara,34
Hatton National Bank PLC,7083,Wattala,35
Hatton National Bank PLC,7083,Rajagiriya,36
Hatton National Bank PLC,7083,Piliyandala,38
Hatton National Bank PLC,7083,Bambalapitiya,39
Hatton National Bank PLC,7083,Chilaw,40
Hatton National Bank PLC,7083,Kegalle,41
Hatton National Bank PLC,7083,Matara,42
Hatton National Bank PLC,7083,Kirulapone,43
Hatton National Bank PLC,7083,Polonnaruwa,44
Hatton National Bank PLC,7083,Ambalantota,45
Hatton National Bank PLC,7083,Grandpass,46
Hatton National Bank PLC,7083,Biyagama,47
Hatton National Bank PLC,7083,Dambulla,48
Hatton National Bank PLC,7083,Katunayake,49
Hatton National Bank PLC,7083,Embilipitiya,50
Hatton National Bank PLC,7083,Gampaha,51
Hatton National Bank PLC,7083,Horana,52
Hatton National Bank PLC,7083,Monaragala,53
Hatton National Bank PLC,7083,International Division,54
Hatton National Bank PLC,7083,Borella,55
Hatton National Bank PLC,7083,Kiribathgoda,56
Hatton National Bank PLC,7083,Batticaloa,57
Hatton National Bank PLC,7083,Ampara,58
Hatton National Bank PLC,7083,Panchikawatta,59
Hatton National Bank PLC,7083,Bogawanthalawa,60
Hatton National Bank PLC,7083,Mount Lavinia,61
Hatton National Bank PLC,7083,Hulftsdorp,63
Hatton National Bank PLC,7083,Maharagama,64
Hatton National Bank PLC,7083,Matale,65
Hatton National Bank PLC,7083,Rambukkana ,66
Hatton National Bank PLC,7083,Suriyawewa,67
Hatton National Bank PLC,7083,Hambantota,68
Hatton National Bank PLC,7083,Panadura,69
Hatton National Bank PLC,7083,Dankotuwa,70
Hatton National Bank PLC,7083,Balangoda,71
Hatton National Bank PLC,7083,Sea Street,72
Hatton National Bank PLC,7083,Moratumulla,73
Hatton National Bank PLC,7083,Kuliyapitiya,74
Hatton National Bank PLC,7083,Buttala,75
Hatton National Bank PLC,7083,Cinnamon Gardens,76
Hatton National Bank PLC,7083,Homagama,77
Hatton National Bank PLC,7083,Akkaraipattu,78
Hatton National Bank PLC,7083,Marandagahamula,79
Hatton National Bank PLC,7083,Marawila,80
Hatton National Bank PLC,7083,Ambalangoda,81
Hatton National Bank PLC,7083,Kaduwela,82
Hatton National Bank PLC,7083,Puttalam,83
Hatton National Bank PLC,7083,Kadawatha,84
Hatton National Bank PLC,7083,Battaramulla,85
Hatton National Bank PLC,7083,Tangalle,86
Hatton National Bank PLC,7083,Ja-Ela,87
Hatton National Bank PLC,7083,Thambuttegama,88
Hatton National Bank PLC,7083,Mawanella,89
Hatton National Bank PLC,7083,Tissamaharama,90
Hatton National Bank PLC,7083,Kalmunai,91
Hatton National Bank PLC,7083,Thimbirigasyaya,92
Hatton National Bank PLC,7083,Dehiwala,93
Hatton National Bank PLC,7083,Minuwangoda,94
Hatton National Bank PLC,7083,Kantale,95
Hatton National Bank PLC,7083,Kotahena,96
Hatton National Bank PLC,7083,Mutwal,97
Hatton National Bank PLC,7083,Kottawa,98
Hatton National Bank PLC,7083,Kirindiwela,99
Hatton National Bank PLC,7083,Katugastota,100
Hatton National Bank PLC,7083,Pelmadulla Customer Centre,101
Hatton National Bank PLC,7083,Ragama,102
Hatton National Bank PLC,7083,Dematagoda,103
Hatton National Bank PLC,7083,Narahenpita,104
Hatton National Bank PLC,7083,Treasury Division,105
Hatton National Bank PLC,7083,Wellawaya,106
Hatton National Bank PLC,7083,Elpitiya,107
Hatton National Bank PLC,7083,Maradana,108
Hatton National Bank PLC,7083,Aluthgama,109
Hatton National Bank PLC,7083,Wennappuwa,110
Hatton National Bank PLC,7083,Avissawella,111
Hatton National Bank PLC,7083,Boralesgamuwa,112
Hatton National Bank PLC,7083,Card Centre,113
Hatton National Bank PLC,7083,Kollupitiya,115
Hatton National Bank PLC,7083,Chunnakam,117
Hatton National Bank PLC,7083,Nelliady,118
Hatton National Bank PLC,7083,Kandana,119
Hatton National Bank PLC,7083,Deniyaya Customer Centre,120
Hatton National Bank PLC,7083,Nikaweratiya,121
Hatton National Bank PLC,7083,Delgoda,122
Hatton National Bank PLC,7083,Alawwa,123
Hatton National Bank PLC,7083,Mahiyanganaya,124
Hatton National Bank PLC,7083,Mathugama,125
Hatton National Bank PLC,7083,Warakapola,126
Hatton National Bank PLC,7083,Middeniya,127
Hatton National Bank PLC,7083,Galgamuwa,128
Hatton National Bank PLC,7083,Kohuwela,129
Hatton National Bank PLC,7083,Weliweriya,130
Hatton National Bank PLC,7083,Hendala,131
Hatton National Bank PLC,7083,Point Pedro,132
Hatton National Bank PLC,7083,Norochchole,133
Hatton National Bank PLC,7083,Thirukovil,134
Hatton National Bank PLC,7083,Eravur,135
Hatton National Bank PLC,7083,Ganemulla,136
Hatton National Bank PLC,7083,Chavakachcheri,137
Hatton National Bank PLC,7083,Kelaniya,138
Hatton National Bank PLC,7083,Hanwella,139
Hatton National Bank PLC,7083,Padukka,140
Hatton National Bank PLC,7083,Pilimatalawa,141
Hatton National Bank PLC,7083,Thalawathugoda,142
Hatton National Bank PLC,7083,Medawachchiya,143
Hatton National Bank PLC,7083,Thirunelvely,144
Hatton National Bank PLC,7083,Negombo Metro,145
Hatton National Bank PLC,7083,Kilinochchi South,146
Hatton National Bank PLC,7083,Nawala,147
Hatton National Bank PLC,7083,Giriulla,148
Hatton National Bank PLC,7083,Galewela,149
Hatton National Bank PLC,7083,Manipay,150
Hatton National Bank PLC,7083,Akuressa,151
Hatton National Bank PLC,7083,Hettipola,152
Hatton National Bank PLC,7083,Wariyapola,153
Hatton National Bank PLC,7083,Athurugiriya,154
Hatton National Bank PLC,7083,Kochchikade,155
Hatton National Bank PLC,7083,Malabe,156
Hatton National Bank PLC,7083,Chankanai,157
Hatton National Bank PLC,7083,Pottuvil,158
Hatton National Bank PLC,7083,Ninthavur,159
Hatton National Bank PLC,7083,Beruwela,160
Hatton National Bank PLC,7083,Rikillagaskada,162
Hatton National Bank PLC,7083,Yakkala,163
Hatton National Bank PLC,7083,Thandenweli,164
Hatton National Bank PLC,7083,Kaluwanchikudy,165
Hatton National Bank PLC,7083,Pugoda,166
Hatton National Bank PLC,7083,Valachchenai,167
Hatton National Bank PLC,7083,Madampe,168
Hatton National Bank PLC,7083,Kinniya,169
Hatton National Bank PLC,7083,Siyabalanduwa,170
Hatton National Bank PLC,7083,Udappuwa,171
Hatton National Bank PLC,7083,Nanattan,172
Hatton National Bank PLC,7083,Ginigathhena,173
Hatton National Bank PLC,7083,Mullipothanai,174
Hatton National Bank PLC,7083,Uppuvelli,175
Hatton National Bank PLC,7083,Digana,176
Hatton National Bank PLC,7083,Anamaduwa,177
Hatton National Bank PLC,7083,Dikwella,178
Hatton National Bank PLC,7083,Medirigiriya,179
Hatton National Bank PLC,7083,Mirigama,180
Hatton National Bank PLC,7083,Padavi Parakramapura,181
Hatton National Bank PLC,7083,Uhana,182
Hatton National Bank PLC,7083,Mullativu,183
Hatton National Bank PLC,7083,Karaitive,184
Hatton National Bank PLC,7083,Maruthamunai,185
Hatton National Bank PLC,7083,Serunuwara,186
Hatton National Bank PLC,7083,Pitigala,187
Hatton National Bank PLC,7083,Kundasale,188
Hatton National Bank PLC,7083,Atchchuvely,189
Hatton National Bank PLC,7083,Kodikamam,190
Hatton National Bank PLC,7083,Muthur,191
Hatton National Bank PLC,7083,Aralaganwila,193
Hatton National Bank PLC,7083,Kolonnawa,194
Hatton National Bank PLC,7083,Killinochchi North,195
Hatton National Bank PLC,7083,Dehiattakandiya,196
Hatton National Bank PLC,7083,Kalawana,197
Hatton National Bank PLC,7083,Galaha,198
Hatton National Bank PLC,7083,Urubokka,199
Hatton National Bank PLC,7083,Hakmana,200
Hatton National Bank PLC,7083,Bandaragama,201
Hatton National Bank PLC,7083,Hikkaduwa,202
Hatton National Bank PLC,7083,Wadduwa,203
Hatton National Bank PLC,7083,Mirihana,204
Hatton National Bank PLC,7083,Mulliyawalai,205
Hatton National Bank PLC,7083,Kurumankadu,206
Hatton National Bank PLC,7083,Jampettah Street,207
Hatton National Bank PLC,7083,Ratmalana,208
Hatton National Bank PLC,7083,Seeduwa,209
Hatton National Bank PLC,7083,Pamunugama,210
Hatton National Bank PLC,7083,Kattankudy,211
Hatton National Bank PLC,7083,Mallavi,212
Hatton National Bank PLC,7083,Weligama,213
Hatton National Bank PLC,7083,Veyangoda,214
Hatton National Bank PLC,7083,Batapola,215
Hatton National Bank PLC,7083,Yakkalamulla,216
Hatton National Bank PLC,7083,Walasmulla,217
Hatton National Bank PLC,7083,Gelioya,218
Hatton National Bank PLC,7083,Jaffna,219
Hatton National Bank PLC,7083,Passara,220
Hatton National Bank PLC,7083,Pamankada,221
Hatton National Bank PLC,7083,Sammanthurai,222
Hatton National Bank PLC,7083,Peradeniya,223
Hatton National Bank PLC,7083,Kurunegala Metro,224
Hatton National Bank PLC,7083,Trincomalee Metro,225
Hatton National Bank PLC,7083,Wijerama,226
Hatton National Bank PLC,7083,Karapitiya,227
Hatton National Bank PLC,7083,Peliyagoda,228
Hatton National Bank PLC,7083,Divulapitiya,229
Hatton National Bank PLC,7083,Ekala,230
Hatton National Bank PLC,7083,Kekirawa,231
Hatton National Bank PLC,7083,Anuradhapura Metro,232
Hatton National Bank PLC,7083,Bibile,233
Hatton National Bank PLC,7083,Haputale,234
Hatton National Bank PLC,7083,Godakawela,235
Hatton National Bank PLC,7083,Akurana,236
Hatton National Bank PLC,7083,Koggala,237
Hatton National Bank PLC,7083,Devinuwara,238
Hatton National Bank PLC,7083,Angunakolapelassa,239
Hatton National Bank PLC,7083,Kataragama,240
Hatton National Bank PLC,7083,Kaithady,241
Hatton National Bank PLC,7083,Kurunduwatte,243
Hatton National Bank PLC,7083,Ragala,244
Hatton National Bank PLC,7083,Ingiriya,245
Hatton National Bank PLC,7083,Thalawakele,246
Hatton National Bank PLC,7083,Asiri Surgical Hospital,249
Hatton National Bank PLC,7083,Islamic Banking Unit,250
Hatton National Bank PLC,7083,Lanka Hospital,251
Hatton National Bank PLC,7083,KDU University Hospital ,253
Hatton National Bank PLC,7083,Ninewells Hospital ,254
Hatton National Bank PLC,7083,Pettah Metro - IBU,256
Hatton National Bank PLC,7083,SLIIT Kandy Uni,258
Hatton National Bank PLC,7083,Digital Branch,500
Hatton National Bank PLC,7083,Colombo Metro,701
Hatton National Bank PLC,7083,World Trade Centre,703
,,,
,Hongkong Shanghai Bank,,
Hongkong Shanghai Bank,7092,Hongkong & Shanghai Bank,0
Hongkong Shanghai Bank,7092,Head Office,1
Hongkong Shanghai Bank,7092,Kandy,2
Hongkong Shanghai Bank,7092,Colpetty,3
Hongkong Shanghai Bank,7092,Wellawatte,4
Hongkong Shanghai Bank,7092,Nugegoda,5
Hongkong Shanghai Bank,7092,World Trade Center,6
Hongkong Shanghai Bank,7092,Bambalapitiya,7
Hongkong Shanghai Bank,7092,Pelawatte,8
Hongkong Shanghai Bank,7092,Union Place,12
Hongkong Shanghai Bank,7092,Wattala,14
Hongkong Shanghai Bank,7092,Premier Centre,15
Hongkong Shanghai Bank,7092,Negombo,17
Hongkong Shanghai Bank,7092,Moratuwa,18
Hongkong Shanghai Bank,7092,kohuwela,20
Hongkong Shanghai Bank,7092,Jaffna,21
Hongkong Shanghai Bank,7092,Galle,22
Hongkong Shanghai Bank,7092,Head Office,999
Indian Bank,7108,Head Office,0
Indian Bank,7108,Head Office,1
Indian Bank,7108,Jaffna,2
Indian Bank,7108,Head Office,999
Indian Overseas Bank,7117,Head Office,0
Indian Overseas Bank,7117,Matara,1
Indian Overseas Bank,7117,Head Office,999
Peoples Bank,7135,Duke Street,1
Peoples Bank,7135,Matale,2
Peoples Bank,7135,Kandy,3
Peoples Bank,7135,International Division,4
Peoples Bank,7135,Polonnaruwa,5
Peoples Bank,7135,Hingurakgoda,6
Peoples Bank,7135,Hambantota,7
Peoples Bank,7135,Anuradhapura,8
Peoples Bank,7135,Puttalam,9
Peoples Bank,7135,Badulla,10
Peoples Bank,7135,Bibile,11
Peoples Bank,7135,Kurunegala,12
Peoples Bank,7135,Galle Fort,13
Peoples Bank,7135,Union Place,14
Peoples Bank,7135,Ampara,15
Peoples Bank,7135,Welimada,16
Peoples Bank,7135,Balangoda,17
Peoples Bank,7135,Gampola,18
Peoples Bank,7135,Dehiwala,19
Peoples Bank,7135,Mulativu,20
Peoples Bank,7135,Minuwangoda,21
Peoples Bank,7135,Hanguranketha,22
Peoples Bank,7135,Kalmunai,23
Peoples Bank,7135,Chilaw,24
Peoples Bank,7135,Park Street,25
Peoples Bank,7135,Gampaha,26
Peoples Bank,7135,Kegalle,27
Peoples Bank,7135,Kuliyapitiya,28
Peoples Bank,7135,Avissawella,29
Peoples Bank,7135,Jaffna Stanley Road,30
Peoples Bank,7135,Tellipalai,31
Peoples Bank,7135,Matara Uyanwatta,32
Peoples Bank,7135,Queens,33
Peoples Bank,7135,Negombo,34
Peoples Bank,7135,Ambalangoda,35
Peoples Bank,7135,Ragala,36
Peoples Bank,7135,Bandarawela,37
Peoples Bank,7135,Talawakele,38
Peoples Bank,7135,Kalutara,39
Peoples Bank,7135,Vavuniya,40
Peoples Bank,7135,Horana,41
Peoples Bank,7135,Kekirawa,42
Peoples Bank,7135,Padaviya,43
Peoples Bank,7135,Mannar,44
Peoples Bank,7135,Embilipitiya,45
Peoples Bank,7135,Mudalige Mawatha,46
Peoples Bank,7135,Yatiyantota,47
Peoples Bank,7135,Kilinochchi,48
Peoples Bank,7135,Homagama,49
Peoples Bank,7135,Kahatagasdigiliya,51
Peoples Bank,7135,Maho,52
Peoples Bank,7135,Nawalapitiya,53
Peoples Bank,7135,Warakapola,54
Peoples Bank,7135,Kelaniya,55
Peoples Bank,7135,Sri Sangaraja Mawatha,56
Peoples Bank,7135,Peradeniya,57
Peoples Bank,7135,Mahiyangana,58
Peoples Bank,7135,Polgahawela,59
Peoples Bank,7135,Morawaka,60
Peoples Bank,7135,Tissamaharama,61
Peoples Bank,7135,Wellawaya,62
Peoples Bank,7135,Akkaraipattu,63
Peoples Bank,7135,Samanthurai,64
Peoples Bank,7135,Kattankudy,65
Peoples Bank,7135,Trincomalee,66
Peoples Bank,7135,Tangalle,67
Peoples Bank,7135,Monaragala,68
Peoples Bank,7135,Mawanella,69
Peoples Bank,7135,Mathugama,70
Peoples Bank,7135,Dematagoda,71
Peoples Bank,7135,Ambalantota,72
Peoples Bank,7135,Elpitiya,73
Peoples Bank,7135,Wattegama,74
Peoples Bank,7135,Batticaloa,75
Peoples Bank,7135,Wennappuwa,76
Peoples Bank,7135,Weligama,77
Peoples Bank,7135,Borella,78
Peoples Bank,7135,Veyangoda,79
Peoples Bank,7135,Ratmalana,80
Peoples Bank,7135,Ruwanwella,81
Peoples Bank,7135,Narammala,82
Peoples Bank,7135,Nattandiya,83
Peoples Bank,7135,Aluthgama,84
Peoples Bank,7135,Eheliyagoda,85
Peoples Bank,7135,Thimbirigasyaya,86
Peoples Bank,7135,Baddegama,87
Peoples Bank,7135,Ratnapura,88
Peoples Bank,7135,Katugastota,89
Peoples Bank,7135,Kantale,90
Peoples Bank,7135,Moratuwa,91
Peoples Bank,7135,Giriulla,92
Peoples Bank,7135,Pugoda,93
Peoples Bank,7135,Kinniya,94
Peoples Bank,7135,Muttur,95
Peoples Bank,7135,Medawachchiya,96
Peoples Bank,7135,Gangodawila,97
Peoples Bank,7135,Kotikawatte,98
Peoples Bank,7135,Marandagahamula,100
Peoples Bank,7135,Rambukkana,101
Peoples Bank,7135,Valaichechenai,102
Peoples Bank,7135,Piliyandala,103
Peoples Bank,7135,Jaffna Main Street,104
Peoples Bank,7135,Kayts,105
Peoples Bank,7135,Nelliady,106
Peoples Bank,7135,Atchchuvely,107
Peoples Bank,7135,Chankanai,108
Peoples Bank,7135,Chunnakam,109
Peoples Bank,7135,Chavakachcheri,110
Peoples Bank,7135,Paranthan,111
Peoples Bank,7135,Teldeniya,112
Peoples Bank,7135,Batticaloa Town,113
Peoples Bank,7135,Galagedera,114
Peoples Bank,7135,Galewela,115
Peoples Bank,7135,Passara,116
Peoples Bank,7135,Akuressa,117
Peoples Bank,7135,Delgoda,118
Peoples Bank,7135,Narahenpita,119
Peoples Bank,7135,Walasmulla,120
Peoples Bank,7135,Bandaragama,121
Peoples Bank,7135,Wilgamuwa,122
Peoples Bank,7135,Eravur,123
Peoples Bank,7135,Nikeweratiya,124
Peoples Bank,7135,Kalpitiya,125
Peoples Bank,7135,Grandpass,126
Peoples Bank,7135,Nildandahinna,127
Peoples Bank,7135,Ratthota,128
Peoples Bank,7135,Rakwana,129
Peoples Bank,7135,Hakmana,130
Peoples Bank,7135,Udugama,131
Peoples Bank,7135,Deniyaya,132
Peoples Bank,7135,Kamburupitiya,133
Peoples Bank,7135,Nuwara Eliya,134
Peoples Bank,7135,Dickwella,135
Peoples Bank,7135,Hikkaduwa,136
Peoples Bank,7135,Makandura,137
Peoples Bank,7135,Dambulla,138
Peoples Bank,7135,Pettah,139
Peoples Bank,7135,Hasalaka,140
Peoples Bank,7135,Velvetiturai,141
Peoples Bank,7135,Kochchikade,142
Peoples Bank,7135,Suduwella,143
Peoples Bank,7135,Hettipola,144
Peoples Bank,7135,Wellawatte,145
Peoples Bank,7135,Naula,146
Peoples Bank,7135,Buttala,147
Peoples Bank,7135,Panadura,148
Peoples Bank,7135,Alawwa,149
Peoples Bank,7135,Kebithigollawa,150
Peoples Bank,7135,Diyatalawa,151
Peoples Bank,7135,Matara Dharmapala Mawatha,152
Peoples Bank,7135,Akurana,153
Peoples Bank,7135,Balapitiya,154
Peoples Bank,7135,Kahawatte,155
Peoples Bank,7135,Uva-Paranagama,156
Peoples Bank,7135,Menikhinna,157
Peoples Bank,7135,Senkadagala,158
Peoples Bank,7135,Kadugannawa,159
Peoples Bank,7135,Pelmadulla,160
Peoples Bank,7135,Bulathsinhala,161
Peoples Bank,7135,Jaffna University,162
Peoples Bank,7135,Wariyapola,163
Peoples Bank,7135,Potuvil,164
Peoples Bank,7135,Mankulam,165
Peoples Bank,7135,Murunkan,166
Peoples Bank,7135,"Town Hall,Colombo",167
Peoples Bank,7135,Kataragama,168
Peoples Bank,7135,Galle Main Street,169
Peoples Bank,7135,Eppawela,170
Peoples Bank,7135,Nochchiyagama,171
Peoples Bank,7135,Bingiriya,172
Peoples Bank,7135,Pundaluoya,173
Peoples Bank,7135,Nugegoda,174
Peoples Bank,7135,Kandana,175
Peoples Bank,7135,Mid City,176
Peoples Bank,7135,Galenbindunuwewa,177
Peoples Bank,7135,Maskeliya,178
Peoples Bank,7135,Galnewa,179
Peoples Bank,7135,Deraniyagala,180
Peoples Bank,7135,Maha Oya,181
Peoples Bank,7135,Ankumbura,183
Peoples Bank,7135,Galgamuwa,184
Peoples Bank,7135,Galigamuwa,185
Peoples Bank,7135,Hatton,186
Peoples Bank,7135,Ahangama,188
Peoples Bank,7135,Uhana,189
Peoples Bank,7135,Kaluwanchikudy,190
Peoples Bank,7135,Malwana,191
Peoples Bank,7135,Nivitigala,192
Peoples Bank,7135,Ridigama,193
Peoples Bank,7135,Kolonnawa,194
Peoples Bank,7135,Haldummulla,195
Peoples Bank,7135,Kaduwela,196
Peoples Bank,7135,Uragasmanhandiya,197
Peoples Bank,7135,Mirigama,198
Peoples Bank,7135,Mawathagama,199
Peoples Bank,7135,Majestic City,200
Peoples Bank,7135,Ukuwela,201
Peoples Bank,7135,Kirindiwela,202
Peoples Bank,7135,Habarana,203
Peoples Bank,7135,Head Quarters,204
Peoples Bank,7135,Angunakolapalessa,205
Peoples Bank,7135,Davulagala,206
Peoples Bank,7135,Ibbagamuwa,207
Peoples Bank,7135,Battaramulla,208
Peoples Bank,7135,Boralanda,209
Peoples Bank,7135,Kollupitiya Co-op House,210
Peoples Bank,7135,Panwila,211
Peoples Bank,7135,Mutuwal,214
Peoples Bank,7135,Madampe,215
Peoples Bank,7135,Haputale,216
Peoples Bank,7135,Mahara,217
Peoples Bank,7135,Horowpathana,218
Peoples Bank,7135,Tambuttegama,219
Peoples Bank,7135,Anuradhapura-Nuwarawewa,220
Peoples Bank,7135,Hemmathagama,221
Peoples Bank,7135,Wattala,222
Peoples Bank,7135,Karaitivu,223
Peoples Bank,7135,Thirukkovil,224
Peoples Bank,7135,Haliela,225
Peoples Bank,7135,Kurunegala Maliyadeva,226
Peoples Bank,7135,Chenkalady,227
Peoples Bank,7135,Addalachchene,228
Peoples Bank,7135,Hanwella,229
Peoples Bank,7135,Tanamalwila,230
Peoples Bank,7135,Medirigiriya,231
Peoples Bank,7135,Polonnaruwa Town,232
Peoples Bank,7135,Serunuwara,233
Peoples Bank,7135,Batapola,234
Peoples Bank,7135,Kalawana,235
Peoples Bank,7135,Maradana,236
Peoples Bank,7135,Kiribathgoda,237
Peoples Bank,7135,Gonagaldeniya,238
Peoples Bank,7135,Ja-Ela,239
Peoples Bank,7135,Keppetipola,240
Peoples Bank,7135,Pallepola,241
Peoples Bank,7135,Bakamuna,242
Peoples Bank,7135,Devinuwara,243
Peoples Bank,7135,Beliatta,244
Peoples Bank,7135,Godakawela,245
Peoples Bank,7135,Meegalewa,246
Peoples Bank,7135,Imaduwa,247
Peoples Bank,7135,Aranayake,248
Peoples Bank,7135,Neboda,249
Peoples Bank,7135,Kandeketiya,250
Peoples Bank,7135,Lunugala,251
Peoples Bank,7135,Bulathkohupitiya,252
Peoples Bank,7135,Aralaganwila,253
Peoples Bank,7135,Welikanda,254
Peoples Bank,7135,Trincomalee Town,255
Peoples Bank,7135,Pilimatalawa,256
Peoples Bank,7135,Deltota,257
Peoples Bank,7135,Medagama,258
Peoples Bank,7135,Kehelwatte,259
Peoples Bank,7135,Koslanda,260
Peoples Bank,7135,Pelawatte,261
Peoples Bank,7135,Wadduwa,262
Peoples Bank,7135,Kuruwita,263
Peoples Bank,7135,Suriyawewa,264
Peoples Bank,7135,Middeniya,265
Peoples Bank,7135,Kiriella,266
Peoples Bank,7135,Anamaduwa,267
Peoples Bank,7135,Girandurukotte,268
Peoples Bank,7135,Badulla-Muthiyangana,269
Peoples Bank,7135,Thulhiriya,270
Peoples Bank,7135,Urubokka,271
Peoples Bank,7135,Talgaswela,272
Peoples Bank,7135,Kadawatha,273
Peoples Bank,7135,Pussellawa,274
Peoples Bank,7135,Olcott Mawatha,275
Peoples Bank,7135,Katunayake,276
Peoples Bank,7135,Sea Street,277
Peoples Bank,7135,Nittambuwa,278
Peoples Bank,7135,Pitakotte,279
Peoples Bank,7135,Pothuhera,280
Peoples Bank,7135,Kobeigane,281
Peoples Bank,7135,Maggona,282
Peoples Bank,7135,Baduraliya,283
Peoples Bank,7135,Jaffna Kannathiddy,284
Peoples Bank,7135,Point Pedro,285
Peoples Bank,7135,Kudawella,288
Peoples Bank,7135,Kaltota,289
Peoples Bank,7135,Moratumulla,290
Peoples Bank,7135,Dankotuwa,291
Peoples Bank,7135,Udapussellawa,292
Peoples Bank,7135,Dehiowita,293
Peoples Bank,7135,Alawathugoda,294
Peoples Bank,7135,Udawalawe,295
Peoples Bank,7135,Nintavur,296
Peoples Bank,7135,Dam Street,297
Peoples Bank,7135,Central Road,298
Peoples Bank,7135,Kegalle Bazaar,299
Peoples Bank,7135,Ingiriya,300
Peoples Bank,7135,Galkiriyagama,301
Peoples Bank,7135,Ginigathhena,302
Peoples Bank,7135,Mahawewa,303
Peoples Bank,7135,Walasgala,304
Peoples Bank,7135,Maharagama,306
Peoples Bank,7135,Gandara,307
Peoples Bank,7135,Kotahena,308
Peoples Bank,7135,Liberty Plaza,309
Peoples Bank,7135,Bambalapitiya,310
Peoples Bank,7135,Beruwala,311
Peoples Bank,7135,Malwatta Road,312
Peoples Bank,7135,Katubedda,313
Peoples Bank,7135,Talawa,315
Peoples Bank,7135,Ragama,316
Peoples Bank,7135,Ratnapura Town,317
Peoples Bank,7135,Pamunugama,318
Peoples Bank,7135,Kirulapana,319
Peoples Bank,7135,Golden Jubilee,320
Peoples Bank,7135,Panadura Town,321
Peoples Bank,7135,Marawila,322
Peoples Bank,7135,Seeduwa,324
Peoples Bank,7135,Wanduramba,325
Peoples Bank,7135,Capricon,326
Peoples Bank,7135,Kesbewa,327
Peoples Bank,7135,Kottawa,328
Peoples Bank,7135,Koggala,329
Peoples Bank,7135,Dehiattakandiya,330
Peoples Bank,7135,Lucky Plaza,331
Peoples Bank,7135,Ganemulla,332
Peoples Bank,7135,Yakkala,333
Peoples Bank,7135,Kurunegala-Ethugalpura,334
Peoples Bank,7135,Nugegoda City,335
Peoples Bank,7135,Mount Lavinia,336
Peoples Bank,7135,Dehiwela (Galle Road),337
Peoples Bank,7135,Sainthamaruthu,338
Peoples Bank,7135,Kallar,339
Peoples Bank,7135,Oddamavady,340
Peoples Bank,7135,Hataraliyadda,341
Peoples Bank,7135,Kokkaddicholai,342
Peoples Bank,7135,Karapitiya,343
Peoples Bank,7135,Melsiripura,344
Peoples Bank,7135,Ranna,345
Peoples Bank,7135,Maruthamunai,346
Peoples Bank,7135,Badalkubura,347
Peoples Bank,7135,Boralesgamuwa,348
Peoples Bank,7135,Pallebedda,349
Peoples Bank,7135,Weeraketiya,350
Peoples Bank,7135,Thambala,351
Peoples Bank,7135,Pulmudai,352
Peoples Bank,7135,Rikillagaskada,353
Peoples Bank,7135,Bogawanthalawa,354
Peoples Bank,7135,Kotiyakumbura,355
Peoples Bank,7135,Cheddikulam,356
Peoples Bank,7135,Kandy City Centre,357
Peoples Bank,7135,Poojapitiya,358
Peoples Bank,7135,Piliyandala City,359
Peoples Bank,7135,Polpithigama,360
Peoples Bank,7135,Kodikamam,361
Peoples Bank,7135,Peoples Elegance  Premier,362
Peoples Bank,7135,Gelioya ,363
Peoples Bank,7135,Athurugiriya,364
Peoples Bank,7135,Siyambalanduwa,365
Peoples Bank,7135,Padukka ,366
Peoples Bank,7135,Card Center,600
Peoples Bank,7135,Overseas Customers Unit,796
Peoples Bank,7135,HEAD OFFICE,990
,,,
,State Bank of India,,
State Bank of India,7144,Head Office,0
State Bank of India,7144,Head Office,1
State Bank of India,7144,Kandy,2
State Bank of India,7144,Kohuwala,32
State Bank of India,7144,Head Office,999
State Bank of India,7144,Trincomalee,5
Nations Trust Bank PLC,7162,Central Clearing,0
Nations Trust Bank PLC,7162,"
City",1
Nations Trust Bank PLC,7162,Colpetty,2
Nations Trust Bank PLC,7162,Sri Sangharaja Mawatha,3
Nations Trust Bank PLC,7162,Kandy,4
Nations Trust Bank PLC,7162,Wellawatte,5
Nations Trust Bank PLC,7162,Union Place ,6
Nations Trust Bank PLC,7162,Negombo C.S.P,7
Nations Trust Bank PLC,7162,Pettah Main Street ,8
Nations Trust Bank PLC,7162,Mahabage,9
Nations Trust Bank PLC,7162,Battaramulla,10
Nations Trust Bank PLC,7162,Dharmapala Mawatha,11
Nations Trust Bank PLC,7162,Kurunegala,12
Nations Trust Bank PLC,7162,Maharagama,13
Nations Trust Bank PLC,7162,Moratuwa,14
Nations Trust Bank PLC,7162,Borella,15
Nations Trust Bank PLC,7162,Kiribathgoda,16
Nations Trust Bank PLC,7162,Panadura,17
Nations Trust Bank PLC,7162,Gampaha,18
Nations Trust Bank PLC,7162,Kotahena,19
Nations Trust Bank PLC,7162,Ward Place,20
Nations Trust Bank PLC,7162,Kadawatha,21
Nations Trust Bank PLC,7162,Crescat,22
Nations Trust Bank PLC,7162,Dehiwala,23
Nations Trust Bank PLC,7162,Nawam Mawatha,24
Nations Trust Bank PLC,7162,Havelock Town,25
Nations Trust Bank PLC,7162,Peradeniya,26
Nations Trust Bank PLC,7162,Nawala,27
Nations Trust Bank PLC,7162,Matara,28
Nations Trust Bank PLC,7162,Galle,29
Nations Trust Bank PLC,7162,Thalawathugoda,30
Nations Trust Bank PLC,7162,Homagama,31
Nations Trust Bank PLC,7162,Bandarawela,32
Nations Trust Bank PLC,7162,Vavuniya,33
Nations Trust Bank PLC,7162,Batticaloa,34
Nations Trust Bank PLC,7162,Jaffna,35
Nations Trust Bank PLC,7162,Horana,36
Nations Trust Bank PLC,7162,Kalmunai,37
Nations Trust Bank PLC,7162,Malabe,38
Nations Trust Bank PLC,7162,Anuradhapura,39
Nations Trust Bank PLC,7162,Piliyandala,40
Nations Trust Bank PLC,7162,Ratnapura,41
Nations Trust Bank PLC,7162,Nuwara Eliya,42
Nations Trust Bank PLC,7162,Chilaw,43
Nations Trust Bank PLC,7162,Nelliady,44
Nations Trust Bank PLC,7162,Kaduruwela,45
Nations Trust Bank PLC,7162,Pettah Bankshall Street ,46
Nations Trust Bank PLC,7162,Aluthgama,47
Nations Trust Bank PLC,7162,Wennappuwa,48
Nations Trust Bank PLC,7162,Trincomalee,49
Nations Trust Bank PLC,7162,World Trade Centre,50
Nations Trust Bank PLC,7162,Wattala,51
Nations Trust Bank PLC,7162,Mount Lavinia,52
Nations Trust Bank PLC,7162,Nugegoda,53
Nations Trust Bank PLC,7162,Kohuwala,54
Nations Trust Bank PLC,7162,Kuliyapitiya,55
Nations Trust Bank PLC,7162,Ambalangoda,56
Nations Trust Bank PLC,7162,Akkaraipattu,57
Nations Trust Bank PLC,7162,Hambantota,58
Nations Trust Bank PLC,7162,Badulla,59
Nations Trust Bank PLC,7162,Ja-Ela,60
Nations Trust Bank PLC,7162,Embilipitiya,61
Nations Trust Bank PLC,7162,Ambalantota,62
Nations Trust Bank PLC,7162,Akuressa,63
Nations Trust Bank PLC,7162,Balangoda,64
Nations Trust Bank PLC,7162,Deniyaya,65
Nations Trust Bank PLC,7162,Matugama,66
Nations Trust Bank PLC,7162,Karapitiya,67
Nations Trust Bank PLC,7162,Rajagiriya,68
Nations Trust Bank PLC,7162,Katugastota,69
Nations Trust Bank PLC,7162,Kaduwela,70
Nations Trust Bank PLC,7162,Old Moor Street,71
Nations Trust Bank PLC,7162,Bandaragama,72
Nations Trust Bank PLC,7162,Digana,73
Nations Trust Bank PLC,7162,Monaragala,74
Nations Trust Bank PLC,7162,Boralasgamuwa,75
Nations Trust Bank PLC,7162,Kottawa,76
Nations Trust Bank PLC,7162,Gothatuwa,77
Nations Trust Bank PLC,7162,Wariyapola,78
Nations Trust Bank PLC,7162,Kegalle,79
Nations Trust Bank PLC,7162,Tissamaharama,80
Nations Trust Bank PLC,7162,Narahenpita,81
Nations Trust Bank PLC,7162,Elpitiya,82
Nations Trust Bank PLC,7162,Giriulla,83
Nations Trust Bank PLC,7162,Weligama,84
Nations Trust Bank PLC,7162,Nittambuwa,85
Nations Trust Bank PLC,7162,Minuwangoda,86
Nations Trust Bank PLC,7162,Hikkaduwa,87
Nations Trust Bank PLC,7162,Gampola,88
Nations Trust Bank PLC,7162,Tangalle,89
Nations Trust Bank PLC,7162,Mawathagama,90
Nations Trust Bank PLC,7162,Avissawella,91
Nations Trust Bank PLC,7162,Matale,92
Nations Trust Bank PLC,7162,Kandy City Center,93
Nations Trust Bank PLC,7162,Dambulla,94
Nations Trust Bank PLC,7162,Pilimathalawa,95
Nations Trust Bank PLC,7162,Kalutara,96
Nations Trust Bank PLC,7162,Card Center,400
Nations Trust Bank PLC,7162,Liberty Plaza,500
Nations Trust Bank PLC,7162,Head Office,999
Deutsche Bank,7205,Head Office,0
Deutsche Bank,7205,Main Branch,1
Deutsche Bank,7205,Head Office,999
National Development Bank PLC,7214,Navam Mawatha,1
National Development Bank PLC,7214,Kandy,2
National Development Bank PLC,7214,Havelock Town,3
National Development Bank PLC,7214,Nugegoda,4
National Development Bank PLC,7214,Rajagiriya,5
National Development Bank PLC,7214,Matara,6
National Development Bank PLC,7214,Kurunegala,7
National Development Bank PLC,7214,Wellawatte,8
National Development Bank PLC,7214,Negombo,9
National Development Bank PLC,7214,Chilaw,10
National Development Bank PLC,7214,Wattala,11
National Development Bank PLC,7214,Maharagama,12
National Development Bank PLC,7214,Ratnapura,13
National Development Bank PLC,7214,Kollupitiya,14
National Development Bank PLC,7214,Moratuwa,15
National Development Bank PLC,7214,Kalutara,16
National Development Bank PLC,7214,Kegalle,17
National Development Bank PLC,7214,Badulla,18
National Development Bank PLC,7214,Anuradhapura,19
National Development Bank PLC,7214,Mount Lavinia,20
National Development Bank PLC,7214,Galle,21
National Development Bank PLC,7214,Pelawatte,22
National Development Bank PLC,7214,Piliyandala,23
National Development Bank PLC,7214,Kotahena,24
National Development Bank PLC,7214,Kiribathgoda,25
National Development Bank PLC,7214,Kadawatha,26
National Development Bank PLC,7214,Horana,27
National Development Bank PLC,7214,Kandana,28
National Development Bank PLC,7214,Gampaha,29
National Development Bank PLC,7214,Homagama,30
National Development Bank PLC,7214,Malabe,31
National Development Bank PLC,7214,Kohuwala,32
National Development Bank PLC,7214,Puttalam,33
National Development Bank PLC,7214,Awissawella,34
National Development Bank PLC,7214,Panadura,35
National Development Bank PLC,7214,Wennappuwa,36
National Development Bank PLC,7214,Jaffna,37
National Development Bank PLC,7214,Trincomalee,38
National Development Bank PLC,7214,Batticaloa,39
National Development Bank PLC,7214,Ampara,40
National Development Bank PLC,7214,Vavuniya,41
National Development Bank PLC,7214,Kuliyapitiya,42
National Development Bank PLC,7214,Pettah,43
National Development Bank PLC,7214,Ja-Ela,44
National Development Bank PLC,7214,Matugama,45
National Development Bank PLC,7214,Matale,46
National Development Bank PLC,7214,Ambalangoda,47
National Development Bank PLC,7214,Ambalantota,48
National Development Bank PLC,7214,Pilimatalawa,49
National Development Bank PLC,7214,Gampola,50
National Development Bank PLC,7214,Bandarawela,51
National Development Bank PLC,7214,Borella,52
National Development Bank PLC,7214,kalmunai,53
National Development Bank PLC,7214,Nittambuwa,54
National Development Bank PLC,7214,Kaduwela,55
National Development Bank PLC,7214,Wariyapola,56
National Development Bank PLC,7214,Hambantota,57
National Development Bank PLC,7214,Embilipitiya,58
National Development Bank PLC,7214,Aluthgama,59
National Development Bank PLC,7214,Kaduruwela,60
National Development Bank PLC,7214,Nawalapitiya,61
National Development Bank PLC,7214,Chunnakam,62
National Development Bank PLC,7214,Minuwangoda,63
National Development Bank PLC,7214,Dambulla,64
National Development Bank PLC,7214,Akuressa,65
National Development Bank PLC,7214,Nelliady,66
National Development Bank PLC,7214,Elpitiya,67
National Development Bank PLC,7214,Yakkala,68
National Development Bank PLC,7214,Nikaweratiya,69
National Development Bank PLC,7214,Monaragala,70
National Development Bank PLC,7214,Athurugiriya,71
National Development Bank PLC,7214,Boralesgamuwa,72
National Development Bank PLC,7214,Ratmalana,73
National Development Bank PLC,7214,Narahenpita,74
National Development Bank PLC,7214,Mahiyangana,75
National Development Bank PLC,7214,Nuwara Eliya,76
National Development Bank PLC,7214,Balangoda,77
National Development Bank PLC,7214,Eheliyagoda,78
National Development Bank PLC,7214,Old Moor Street,79
National Development Bank PLC,7214,Kandy City Centre,80
National Development Bank PLC,7214,Uragasmanhandiya,81
National Development Bank PLC,7214,Katunayake,82
National Development Bank PLC,7214,Kakirawa,83
National Development Bank PLC,7214,Kahawatta,84
National Development Bank PLC,7214,Giriulla,86
National Development Bank PLC,7214,Pitakotte,87
National Development Bank PLC,7214,Handala,88
National Development Bank PLC,7214,Kochchikade,89
National Development Bank PLC,7214,Battaramulla,90
National Development Bank PLC,7214,Narammala,91
National Development Bank PLC,7214,Tissamaharama,92
National Development Bank PLC,7214,Chenkalady,93
National Development Bank PLC,7214,Akkaraipattu,94
National Development Bank PLC,7214,Hanwella,96
National Development Bank PLC,7214,Manipai,97
National Development Bank PLC,7214,Thirunelvely,98
National Development Bank PLC,7214,Chavakachcheri,99
National Development Bank PLC,7214,Natthandiya,95
National Development Bank PLC,7214,Colombo 07 ,100
National Development Bank PLC,7214,Warakapola,101
National Development Bank PLC,7214,Hingurakgoda,102
National Development Bank PLC,7214,Marine Drive,103
National Development Bank PLC,7214,Thambuttegama ,104
National Development Bank PLC,7214,Mahawewa,105
National Development Bank PLC,7214,Hikkaduwa,106
National Development Bank PLC,7214,Katana,109
National Development Bank PLC,7214,Katugastota,110
National Development Bank PLC,7214,Kottawa,111
National Development Bank PLC,7214,Bambalapitiya,112
National Development Bank PLC,7214,Colombo Fort ,113
National Development Bank PLC,7214,Digana ,114
National Development Bank PLC,7214,Shangri-La Colombo Mall,115
National Development Bank PLC,7214,Tangalle,116
National Development Bank PLC,7214,Islamic Banking Unit,601
National Development Bank PLC,7214,Head Office(Corporare),900
National Development Bank PLC,7214,DBU Internal Branch,998
National Development Bank PLC,7214,Head Office,999
MCB Bank Ltd,7269,Middle East Bank,0
MCB Bank Ltd,7269,Head Office,1
MCB Bank Ltd,7269,Pettah,2
MCB Bank Ltd,7269,Maradana,3
MCB Bank Ltd,7269,Islamic Banking Unit,4
MCB Bank Ltd,7269,Wellawatte,5
MCB Bank Ltd,7269,Kandy,6
MCB Bank Ltd,7269,Head Office,999
Sampath Bank PLC,7278,City Office,1
Sampath Bank PLC,7278,Pettah,2
Sampath Bank PLC,7278,Nugegoda,3
Sampath Bank PLC,7278,Borella,4
Sampath Bank PLC,7278,Kiribathgoda,5
Sampath Bank PLC,7278,Kurunegala,6
Sampath Bank PLC,7278,Kandy Super,7
Sampath Bank PLC,7278,Wattala,8
Sampath Bank PLC,7278,Nawam Mawatha,9
Sampath Bank PLC,7278,Matara Super,10
Sampath Bank PLC,7278,Bambalapitiya,11
Sampath Bank PLC,7278,Fort,12
Sampath Bank PLC,7278,Maharagama,13
Sampath Bank PLC,7278,Deniyaya,14
Sampath Bank PLC,7278,Morawaka,15
Sampath Bank PLC,7278,Gampaha,16
Sampath Bank PLC,7278,Dehiwala,17
Sampath Bank PLC,7278,Ratmalana,18
Sampath Bank PLC,7278,Piliyandala,19
Sampath Bank PLC,7278,Eheliyagoda,20
Sampath Bank PLC,7278,Anuradhapura Super ,21
Sampath Bank PLC,7278,Avissawella,22
Sampath Bank PLC,7278,Kuliyapitiya,23
Sampath Bank PLC,7278,Negombo Super,24
Sampath Bank PLC,7278,Matale,25
Sampath Bank PLC,7278,Panadura,26
Sampath Bank PLC,7278,Old Moor Street,27
Sampath Bank PLC,7278,Tissamaharama,28
Sampath Bank PLC,7278,Headquarters,29
Sampath Bank PLC,7278,Wennappuwa,30
Sampath Bank PLC,7278,Moratuwa,31
Sampath Bank PLC,7278,Katugastota,32
Sampath Bank PLC,7278,Rathnapura,33
Sampath Bank PLC,7278,Thimbirigasyaya,34
Sampath Bank PLC,7278,Galle Super,35
Sampath Bank PLC,7278,Wellawatte Super,36
Sampath Bank PLC,7278,Kotahena,37
Sampath Bank PLC,7278,Kaduruwela,38
Sampath Bank PLC,7278,Malabe,39
Sampath Bank PLC,7278,Narahenpita,40
Sampath Bank PLC,7278,Kalawana,41
Sampath Bank PLC,7278,Main Street,42
Sampath Bank PLC,7278,Embilipitiya,43
Sampath Bank PLC,7278,Wariyapola -PBC,44
Sampath Bank PLC,7278,Wellampitiya -PBC,45
Sampath Bank PLC,7278,Bandarawela,46
Sampath Bank PLC,7278,Panadura Wekada,47
Sampath Bank PLC,7278,Thambuttegama -PBC,48
Sampath Bank PLC,7278,Deraniyagala-PBC,49
Sampath Bank PLC,7278,Kalutara,50
Sampath Bank PLC,7278,Peradeniya-PBC,51
Sampath Bank PLC,7278,Kottawa ,52
Sampath Bank PLC,7278,Alawwa-PBC,53
Sampath Bank PLC,7278,Neluwa-PBC,54
Sampath Bank PLC,7278,Vavunia,55
Sampath Bank PLC,7278,Mahiyanganaya,56
Sampath Bank PLC,7278,Horana,57
Sampath Bank PLC,7278,Harbour-View-PBC,58
Sampath Bank PLC,7278,Bandaragama,59
Sampath Bank PLC,7278,Kadawatha,60
Sampath Bank PLC,7278,Battaramulla,61
Sampath Bank PLC,7278,Ampara,62
Sampath Bank PLC,7278,Pelawatte-PBC,63
Sampath Bank PLC,7278,Kegalle,64
Sampath Bank PLC,7278,Minuwangoda,65
Sampath Bank PLC,7278,Trincomalee,66
Sampath Bank PLC,7278,Athurugiriya-PBC,67
Sampath Bank PLC,7278,Yakkala-PBC,68
Sampath Bank PLC,7278,Homagama,69
Sampath Bank PLC,7278,Gregorys Road-PBC,70
Sampath Bank PLC,7278,Nittambuwa,71
Sampath Bank PLC,7278,Ambalongoda,72
Sampath Bank PLC,7278,Ragama-PBC,73
Sampath Bank PLC,7278,Monaragala,74
Sampath Bank PLC,7278,Wadduwa-PBC,75
Sampath Bank PLC,7278,Kandana,76
Sampath Bank PLC,7278,veyangoda-PBC,77
Sampath Bank PLC,7278,Ganemulla-PBC,78
Sampath Bank PLC,7278,Aluthgama,79
Sampath Bank PLC,7278,Hatton,80
Sampath Bank PLC,7278,Welimada,81
Sampath Bank PLC,7278,Nawala,82
Sampath Bank PLC,7278,Kirindiwela-PBC,83
Sampath Bank PLC,7278,Nuwara Eliya,84
Sampath Bank PLC,7278,Digana-PBC,85
Sampath Bank PLC,7278,Mirigama,86
Sampath Bank PLC,7278,Pannipitiya,87
Sampath Bank PLC,7278,Negombo 2nd,88
Sampath Bank PLC,7278,Attidiya,89
Sampath Bank PLC,7278,Dambulla,90
Sampath Bank PLC,7278,Pitakotte,91
Sampath Bank PLC,7278,Maharagama Super,92
Sampath Bank PLC,7278,Badulla,93
Sampath Bank PLC,7278,Kohuwela,94
Sampath Bank PLC,7278,Giriulla,95
Sampath Bank PLC,7278,Hendala,96
Sampath Bank PLC,7278,Balangoda,97
Sampath Bank PLC,7278,Ja-Ela,98
Sampath Bank PLC,7278,Narammala,99
Sampath Bank PLC,7278,Kandy Metro,100
Sampath Bank PLC,7278,Gampola,101
Sampath Bank PLC,7278,Nikaweratiya,102
Sampath Bank PLC,7278,Pelmadulla,103
Sampath Bank PLC,7278,Ambalantota,104
Sampath Bank PLC,7278,Wattegama,105
Sampath Bank PLC,7278,Matugama,106
Sampath Bank PLC,7278,Batticaloa,107
Sampath Bank PLC,7278,Chilaw,108
Sampath Bank PLC,7278,Mawathagama,109
Sampath Bank PLC,7278,Hingurakgoda,110
Sampath Bank PLC,7278,Akkaraipattu,111
Sampath Bank PLC,7278,Kalmunai,112
Sampath Bank PLC,7278,Wellawaya,113
Sampath Bank PLC,7278,Embuldeniya,114
Sampath Bank PLC,7278,Kattankudy,115
Sampath Bank PLC,7278,Tangalle,116
Sampath Bank PLC,7278,Kirulapone,117
Sampath Bank PLC,7278,Baddegama,118
Sampath Bank PLC,7278,Mannar,119
Sampath Bank PLC,7278,Jaffna,120
Sampath Bank PLC,7278,Chenkalady,121
Sampath Bank PLC,7278,Rajagiriya,122
Sampath Bank PLC,7278,Kandy City Centre,123
Sampath Bank PLC,7278,Oddamavadi,124
Sampath Bank PLC,7278,Kaluwanchikudy,125
Sampath Bank PLC,7278,Sainthamaruthu,126
Sampath Bank PLC,7278,Grandpass,127
Sampath Bank PLC,7278,Chunnakam,128
Sampath Bank PLC,7278,Nelliady,129
Sampath Bank PLC,7278,Pottuvil,130
Sampath Bank PLC,7278,Platinum Plus,131
Sampath Bank PLC,7278,Nattandiya,132
Sampath Bank PLC,7278,Kundasale,133
Sampath Bank PLC,7278,Kollupitiya,134
Sampath Bank PLC,7278,Gangodawila,135
Sampath Bank PLC,7278,Peliyagoda,136
Sampath Bank PLC,7278,Hanwella,137
Sampath Bank PLC,7278,Nochchiyagama,138
Sampath Bank PLC,7278,2nd Branch Batticaloa,139
Sampath Bank PLC,7278,Ingiriya,140
Sampath Bank PLC,7278,Karapitiya,141
Sampath Bank PLC,7278,Boralesgamuwa,142
Sampath Bank PLC,7278,Anamabuwa,143
Sampath Bank PLC,7278,Maradana,144
Sampath Bank PLC,7278,Buttala,145
Sampath Bank PLC,7278,Passara,146
Sampath Bank PLC,7278,Manipay,147
Sampath Bank PLC,7278,Kilinochchi,148
Sampath Bank PLC,7278,Kekirawa,149
Sampath Bank PLC,7278,Pilimatalawa,150
Sampath Bank PLC,7278,Keselwatta,151
Sampath Bank PLC,7278,Pussellawa,152
Sampath Bank PLC,7278,Matara Bazaar,153
Sampath Bank PLC,7278,Aralangawila,154
Sampath Bank PLC,7278,Moratumulla,155
Sampath Bank PLC,7278,Puttalam,156
Sampath Bank PLC,7278,Sooriyawewa,157
Sampath Bank PLC,7278,Middeniya,158
Sampath Bank PLC,7278,Galle Bazaar,159
Sampath Bank PLC,7278,Mawanella,160
Sampath Bank PLC,7278,Bibile,161
Sampath Bank PLC,7278,Kaduwela,162
Sampath Bank PLC,7278,Rikillagaskada,163
Sampath Bank PLC,7278,Chankanai,164
Sampath Bank PLC,7278,Kochchikade,165
Sampath Bank PLC,7278,Pannala,166
Sampath Bank PLC,7278,Dehiattakandiya,167
Sampath Bank PLC,7278,Anuradhapura New Town,168
Sampath Bank PLC,7278,Chavakachcheri,169
Sampath Bank PLC,7278,Vavuniya Metro,170
Sampath Bank PLC,7278,Kayts,171
Sampath Bank PLC,7278,Kantale,172
Sampath Bank PLC,7278,Gothatuwa New Town,173
Sampath Bank PLC,7278,Mallavi,174
Sampath Bank PLC,7278,Colombo Super,175
Sampath Bank PLC,7278,Mattegoda,176
Sampath Bank PLC,7278,Kinniya,177
Sampath Bank PLC,7278,Thalawathugoda,178
Sampath Bank PLC,7278,Akuressa,179
Sampath Bank PLC,7278,Beliatta,180
Sampath Bank PLC,7278,Habaraduwa,181
Sampath Bank PLC,7278,Ahangama,182
Sampath Bank PLC,7278,Marandagahamula,183
Sampath Bank PLC,7278,Menikhinna,184
Sampath Bank PLC,7278,Ninthavur,185
Sampath Bank PLC,7278,Thirunelvely,186
Sampath Bank PLC,7278,Hettipola,187
Sampath Bank PLC,7278,Rambukkana,188
Sampath Bank PLC,7278,Madampe,189
Sampath Bank PLC,7278,Galewela,190
Sampath Bank PLC,7278,Panchikawatte,191
Sampath Bank PLC,7278,Padukka,192
Sampath Bank PLC,7278,Mutwal,193
Sampath Bank PLC,7278,Marawila,194
Sampath Bank PLC,7278,Nawalapitiya,195
Sampath Bank PLC,7278,Dankotuwa,196
Sampath Bank PLC,7278,Maho,197
Sampath Bank PLC,7278,Divulapitiya,198
Sampath Bank PLC,7278,Mount Lavinia,199
Sampath Bank PLC,7278,Kiribathgoda,200
Sampath Bank PLC,7278,Ruwanwella,201
Sampath Bank PLC,7278,Delgoda,202
Sampath Bank PLC,7278,Kahatagasdigiliya,203
Sampath Bank PLC,7278,Elpitiya,204
Sampath Bank PLC,7278,Warakapola,205
Sampath Bank PLC,7278,Kaburupitiya,206
Sampath Bank PLC,7278,Makola,207
Sampath Bank PLC,7278,Muttur,208
Sampath Bank PLC,7278,Weligama,209
Sampath Bank PLC,7278,Karagampitiya,210
Sampath Bank PLC,7278,Talahena,211
Sampath Bank PLC,7278,Gampaha Super,212
Sampath Bank PLC,7278,Seeduwa,213
Sampath Bank PLC,7278,Orugodawatte,214
Sampath Bank PLC,7278,Kurunegala Metro,215
Sampath Bank PLC,7278,Dickwella,216
Sampath Bank PLC,7278,Prince Street,217
Sampath Bank PLC,7278,Borella Super,218
Sampath Bank PLC,7278,World Trade Center,219
Sampath Bank PLC,7278,Heerassagala,220
Sampath Bank PLC,7278,Poojapitiya,221
Sampath Bank PLC,7278,Thalawakele,222
Sampath Bank PLC,7278,Nawala Koswatta,223
Sampath Bank PLC,7278,Kesbewa,224
Sampath Bank PLC,7278,Godakawela,225
Sampath Bank PLC,7278,Ratnapura,226
Sampath Bank PLC,7278,Kelaniya,227
Sampath Bank PLC,7278,Polgahawela,228
Sampath Bank PLC,7278,Hikkaduwa,229
Sampath Bank PLC,7278,CBOU,816
Sampath Bank PLC,7278,Life Lead Unit,824
Sampath Bank PLC,7278,Network Service Center ,867
Sampath Bank PLC,7278,Finance Department ,856
Sampath Bank PLC,7278,Recoveries  Department,872
Sampath Bank PLC,7278,E-Remittance Department,873
Sampath Bank PLC,7278,Imports(Virtual Branch),920
Sampath Bank PLC,7278,Sampath Viswa,929
Sampath Bank PLC,7278,Central Clearing Department,993
Sampath Bank PLC,7278,Digital Banking Unit,934
Sampath Bank PLC,7278,Card Centre,996
Sampath Bank PLC,7278,Head Office,999
Seylan Bank PLC,7287,Seylan Bank Head Office,0
Seylan Bank PLC,7287,Matara,2
Seylan Bank PLC,7287,Mount Lavinia,3
Seylan Bank PLC,7287,Maharagama,4
Seylan Bank PLC,7287,Panadura,5
Seylan Bank PLC,7287,Kiribathgoda,6
Seylan Bank PLC,7287,Ratnapura,7
Seylan Bank PLC,7287,Kollupitiya,8
Seylan Bank PLC,7287,Moratuwa,9
Seylan Bank PLC,7287,Kegalle,10
Seylan Bank PLC,7287,Gampaha,11
Seylan Bank PLC,7287,Nugegoda,12
Seylan Bank PLC,7287,Negombo,13
Seylan Bank PLC,7287,Dehiwala,14
Seylan Bank PLC,7287,Chilaw,15
Seylan Bank PLC,7287,Galle,16
Seylan Bank PLC,7287,Kandy,17
Seylan Bank PLC,7287,Kurunegala,18
Seylan Bank PLC,7287,Nuwara Eliya,19
Seylan Bank PLC,7287,Balangoda,20
Seylan Bank PLC,7287,Anuradhapura,21
Seylan Bank PLC,7287,Grandpass,22
Seylan Bank PLC,7287,Horana,23
Seylan Bank PLC,7287,Ambalangoda,24
Seylan Bank PLC,7287,Gampola,25
Seylan Bank PLC,7287,Badulla,26
Seylan Bank PLC,7287,Ja-Ela,27
Seylan Bank PLC,7287,Kadawatha,28
Seylan Bank PLC,7287,Dehiattakandiya,29
Seylan Bank PLC,7287,Colombo Fort,30
Seylan Bank PLC,7287,Katunayaka,31
Seylan Bank PLC,7287,Cinnamon Gardens,32
Seylan Bank PLC,7287,Kottawa,33
Seylan Bank PLC,7287,Boralesgamuwa,34
Seylan Bank PLC,7287,Yakkala,35
Seylan Bank PLC,7287,Kalutara,36
Seylan Bank PLC,7287,Tissamaharama,37
Seylan Bank PLC,7287,Matale,38
Seylan Bank PLC,7287,Hatton,39
Seylan Bank PLC,7287,Sarikkamulla,40
Seylan Bank PLC,7287,Attidiya,41
Seylan Bank PLC,7287,Kalubowila,42
Seylan Bank PLC,7287,Homagama,43
Seylan Bank PLC,7287,Kuliyapitiya,44
Seylan Bank PLC,7287,Embilipitiya,45
Seylan Bank PLC,7287,Bandarawela,46
Seylan Bank PLC,7287,Maradana,47
Seylan Bank PLC,7287,Mawanella,48
Seylan Bank PLC,7287,Puttalam,49
Seylan Bank PLC,7287,Old Moor Street,50
Seylan Bank PLC,7287,Hingurakgoda,51
Seylan Bank PLC,7287,Nawala,52
Seylan Bank PLC,7287,Manampitiya,53
Seylan Bank PLC,7287,Bandaragama,54
Seylan Bank PLC,7287,Katuneriya,55
Seylan Bank PLC,7287,Koggala,56
Seylan Bank PLC,7287,Welimada,57
Seylan Bank PLC,7287,Kochchikade,58
Seylan Bank PLC,7287,Bogawanthalawa,59
Seylan Bank PLC,7287,Ganemulla,60
Seylan Bank PLC,7287,Talawakale,61
Seylan Bank PLC,7287,Raddolugama,62
Seylan Bank PLC,7287,Weliveriya,63
Seylan Bank PLC,7287,Pettah,64
Seylan Bank PLC,7287,Beliatta,65
Seylan Bank PLC,7287,Mathugama,66
Seylan Bank PLC,7287,Malabe,67
Seylan Bank PLC,7287,Wellawatte,68
Seylan Bank PLC,7287,Dam Street,69
Seylan Bank PLC,7287,Warakapola,70
Seylan Bank PLC,7287,Wattala,71
Seylan Bank PLC,7287,Vavuniya,72
Seylan Bank PLC,7287,Batticaloa,73
Seylan Bank PLC,7287,Kaththankudy,74
Seylan Bank PLC,7287,Awissawella,75
Seylan Bank PLC,7287,Nawalapitiya,76
Seylan Bank PLC,7287,Kekirawa,77
Seylan Bank PLC,7287,Mirigama,78
Seylan Bank PLC,7287,Soysapura,79
Seylan Bank PLC,7287,Ruwanwella,80
Seylan Bank PLC,7287,Hambantota,81
Seylan Bank PLC,7287,Borella,82
Seylan Bank PLC,7287,Havelock Town,83
Seylan Bank PLC,7287,Marandagahamula,84
Seylan Bank PLC,7287,Jaffna,85
Seylan Bank PLC,7287,Millenium,86
Seylan Bank PLC,7287,Nittambuwa,87
Seylan Bank PLC,7287,Trincomalee,88
Seylan Bank PLC,7287,Meegoda,89
Seylan Bank PLC,7287,Pelmadulla,90
Seylan Bank PLC,7287,Ampara,91
Seylan Bank PLC,7287,Nelliady,92
Seylan Bank PLC,7287,Kilinochchi,93
Seylan Bank PLC,7287,Mannar,94
Seylan Bank PLC,7287,Chavakachcheri,95
Seylan Bank PLC,7287,Mullativu,96
Seylan Bank PLC,7287,Kalmunai,97
Seylan Bank PLC,7287,Chenkalady,98
Seylan Bank PLC,7287,Piliyandala,99
Seylan Bank PLC,7287,Akuressa,100
Seylan Bank PLC,7287,Battaramulla,101
Seylan Bank PLC,7287,Kaduruwela,102
Seylan Bank PLC,7287,Dambulla,103
Seylan Bank PLC,7287,Monaragala,104
Seylan Bank PLC,7287,Ambalantota,105
Seylan Bank PLC,7287,Narammala,106
Seylan Bank PLC,7287,Mahiyanganaya,107
Seylan Bank PLC,7287,Veyangoda,108
Seylan Bank PLC,7287,Mawathagama,109
Seylan Bank PLC,7287,Pussellawa,110
Seylan Bank PLC,7287,Dummalasooriya,111
Seylan Bank PLC,7287,Godagama,112
Seylan Bank PLC,7287,Galenbidunuwewa,113
Seylan Bank PLC,7287,Pitakotte,114
Seylan Bank PLC,7287,Kanthale,115
Seylan Bank PLC,7287,Akkaraipatthu,116
Seylan Bank PLC,7287,Chankanai,117
Seylan Bank PLC,7287,Kotahena,118
Seylan Bank PLC,7287,Udappu,119
Seylan Bank PLC,7287,Ingiriya,120
Seylan Bank PLC,7287,Beruwala,121
Seylan Bank PLC,7287,Kirulapone,122
Seylan Bank PLC,7287,Gothatuwa,123
Seylan Bank PLC,7287,Minuwangoda,124
Seylan Bank PLC,7287,Moratumulla,125
Seylan Bank PLC,7287,Kirindiwela,126
Seylan Bank PLC,7287,Yatiyantota,127
Seylan Bank PLC,7287,Ranpokunugama,128
Seylan Bank PLC,7287,Aralaganwila,129
Seylan Bank PLC,7287,Kalawanchikudy,130
Seylan Bank PLC,7287,Manipay,131
Seylan Bank PLC,7287,Medawachchiya,132
Seylan Bank PLC,7287,Nochchiyagama,133
Seylan Bank PLC,7287,Pallekelle,134
Seylan Bank PLC,7287,Wijerama,135
Seylan Bank PLC,7287,Bowatta,137
Seylan Bank PLC,7287,Eppawala,138
Seylan Bank PLC,7287,Bambalapitiya,139
Seylan Bank PLC,7287,Hikkaduwa,140
Seylan Bank PLC,7287,Kurunegala Branch-2,141
Seylan Bank PLC,7287,Wadduwa,142
Seylan Bank PLC,7287,Kelaniya,143
Seylan Bank PLC,7287,Pettah 02,144
Seylan Bank PLC,7287,Baduraliya,145
Seylan Bank PLC,7287,Kamburupitiya,146
Seylan Bank PLC,7287,Kalpitiya,147
Seylan Bank PLC,7287,Kataragama,148
Seylan Bank PLC,7287,Katugastota,149
Seylan Bank PLC,7287,Islamic Banking Unit,150
Seylan Bank PLC,7287,Pothuvil,151
Seylan Bank PLC,7287,Samanthurai,152
Seylan Bank PLC,7287,Siyambalanduwa,153
Seylan Bank PLC,7287,Padaviya,154
Seylan Bank PLC,7287,Peradeniya,157
Seylan Bank PLC,7287,Pilimathalawa,158
Seylan Bank PLC,7287,Polonnaruwa,159
Seylan Bank PLC,7287,Wennappuwa,160
Seylan Bank PLC,7287,Dankotuwa,161
Seylan Bank PLC,7287,Pannala,162
Seylan Bank PLC,7287,Athurugiriya,163
Seylan Bank PLC,7287,Karapitiya,164
Seylan Bank PLC,7287,Matara Bazzar,165
Seylan Bank PLC,7287,Chunnakam,166
Seylan Bank PLC,7287,Mutwal,167
Seylan Bank PLC,7287,Kandana,168
Seylan Bank PLC,7287,Wariyapola,169
Seylan Bank PLC,7287,Aluthgama,170
Seylan Bank PLC,7287,Giriulla,171
Seylan Bank PLC,7287,Hettipola,172
Seylan Bank PLC,7287,Eheliyagoda,173
Seylan Bank PLC,7287,Godakawela,174
Seylan Bank PLC,7287,Union Place ,175
Seylan Bank PLC,7287,Padukka,176
Seylan Bank PLC,7287,Bancassurance Unit,988
Seylan Bank PLC,7287,Central Clearing Department,992
Seylan Bank PLC,7287,Central Processing Unit,996
Seylan Bank PLC,7287,Seylan Card Centre (SCC),997
Seylan Bank PLC,7287,Retail Remittance Center,998
Public Bank,7296,All Branches,1
Union Bank of Colombo PLC,7302,UB Main Office,1
Union Bank of Colombo PLC,7302,Colpetty,2
Union Bank of Colombo PLC,7302,Kandy,3
Union Bank of Colombo PLC,7302,Nawala,4
Union Bank of Colombo PLC,7302,Wellawatte,5
Union Bank of Colombo PLC,7302,Pettah,6
Union Bank of Colombo PLC,7302,Old Moor Street,7
Union Bank of Colombo PLC,7302,Head Office Branch,8
Union Bank of Colombo PLC,7302,Kurunegala,9
Union Bank of Colombo PLC,7302,Negambo,10
Union Bank of Colombo PLC,7302,Matara,11
Union Bank of Colombo PLC,7302,Kotahena,12
Union Bank of Colombo PLC,7302,Ja-Ela,14
Union Bank of Colombo PLC,7302,Neugegoda,15
Union Bank of Colombo PLC,7302,Moratuwa,16
Union Bank of Colombo PLC,7302,Wennappuwa,17
Union Bank of Colombo PLC,7302,Jaffna,18
Union Bank of Colombo PLC,7302,Mannar,19
Union Bank of Colombo PLC,7302,Vavuniya,20
Union Bank of Colombo PLC,7302,Chunnakkam,21
Union Bank of Colombo PLC,7302,Wattala,23
Union Bank of Colombo PLC,7302,Gampaha,24
Union Bank of Colombo PLC,7302,Batticaloa,25
Union Bank of Colombo PLC,7302,Trincomalee,26
Union Bank of Colombo PLC,7302,Galle,27
Union Bank of Colombo PLC,7302,Piliyandala,28
Union Bank of Colombo PLC,7302,Kadawatha,29
Union Bank of Colombo PLC,7302,Ratnapura,30
Union Bank of Colombo PLC,7302,Anuradhapura,31
Union Bank of Colombo PLC,7302,Dhambulla,32
Union Bank of Colombo PLC,7302,Badulla,33
Union Bank of Colombo PLC,7302,Horana,34
Union Bank of Colombo PLC,7302,Ambalangoda,35
Union Bank of Colombo PLC,7302,Chilaw,36
Union Bank of Colombo PLC,7302,Marawila,37
Union Bank of Colombo PLC,7302,Panadura,38
Union Bank of Colombo PLC,7302,Narammala,39
Union Bank of Colombo PLC,7302,Pelawatte,40
Union Bank of Colombo PLC,7302,Gampola,43
Union Bank of Colombo PLC,7302,Embilipitiya,44
Union Bank of Colombo PLC,7302,Kegalle,45
Union Bank of Colombo PLC,7302,Warakapola,46
Union Bank of Colombo PLC,7302,Ambalanthota,49
Union Bank of Colombo PLC,7302,Minuwangoda,50
Union Bank of Colombo PLC,7302,Balangoda,51
Union Bank of Colombo PLC,7302,Maharagama,52
Union Bank of Colombo PLC,7302,Mathugama,53
Union Bank of Colombo PLC,7302,Nawalapitiya,54
Union Bank of Colombo PLC,7302,Ibbagamuwa,55
Union Bank of Colombo PLC,7302,Kuliyapitiya,56
Union Bank of Colombo PLC,7302,Pilimathalawa,57
Union Bank of Colombo PLC,7302,Ganemulla,59
Union Bank of Colombo PLC,7302,Elpitiya,60
Union Bank of Colombo PLC,7302,Medawachchiya,61
Union Bank of Colombo PLC,7302,Ratmalana,62
Union Bank of Colombo PLC,7302,Akuressa,63
Union Bank of Colombo PLC,7302,Rajagiriaya,64
Union Bank of Colombo PLC,7302,Attidiya,65
Union Bank of Colombo PLC,7302,Kohuwala,66
Union Bank of Colombo PLC,7302,New Borella,67
Union Bank of Colombo PLC,7302,Peradeniya,68
Union Bank of Colombo PLC,7302,Bandarawela,69
Union Bank of Colombo PLC,7302,UB Corporate,997
Pan Asia Banking Corporation PLC,7311,Metro,1
Pan Asia Banking Corporation PLC,7311,Panchikawatte,2
Pan Asia Banking Corporation PLC,7311,Kollupitiya,3
Pan Asia Banking Corporation PLC,7311,Pettah,4
Pan Asia Banking Corporation PLC,7311,Kandy,5
Pan Asia Banking Corporation PLC,7311,Rajagiriya,6
Pan Asia Banking Corporation PLC,7311,Ratnapura,7
Pan Asia Banking Corporation PLC,7311,Nugegoda,8
Pan Asia Banking Corporation PLC,7311,Bambalapitiya,9
Pan Asia Banking Corporation PLC,7311,Negombo,10
Pan Asia Banking Corporation PLC,7311,Gampaha,11
Pan Asia Banking Corporation PLC,7311,Kurunegala,12
Pan Asia Banking Corporation PLC,7311,Matara,13
Pan Asia Banking Corporation PLC,7311,Kotahena,14
Pan Asia Banking Corporation PLC,7311,Dehiwela,15
Pan Asia Banking Corporation PLC,7311,Wattala,16
Pan Asia Banking Corporation PLC,7311,Panadura,17
Pan Asia Banking Corporation PLC,7311,Old Moor Street,18
Pan Asia Banking Corporation PLC,7311,Dam Street,19
Pan Asia Banking Corporation PLC,7311,Katugastota,20
Pan Asia Banking Corporation PLC,7311,Narahenpita,21
Pan Asia Banking Corporation PLC,7311,Kirulapana,22
Pan Asia Banking Corporation PLC,7311,Maharagama,23
Pan Asia Banking Corporation PLC,7311,Moratuwa,24
Pan Asia Banking Corporation PLC,7311,Galle,25
Pan Asia Banking Corporation PLC,7311,Kadawatha,26
Pan Asia Banking Corporation PLC,7311,Kegalle,27
Pan Asia Banking Corporation PLC,7311,Wennappuwa,28
Pan Asia Banking Corporation PLC,7311,Wellawatta,29
Pan Asia Banking Corporation PLC,7311,Gampola,30
Pan Asia Banking Corporation PLC,7311,Borella,31
Pan Asia Banking Corporation PLC,7311,Anuradhapura,32
Pan Asia Banking Corporation PLC,7311,Kalutara,33
Pan Asia Banking Corporation PLC,7311,Vavuniya,34
Pan Asia Banking Corporation PLC,7311,Malabe,35
Pan Asia Banking Corporation PLC,7311,Chilaw,36
Pan Asia Banking Corporation PLC,7311,Jaffna,37
Pan Asia Banking Corporation PLC,7311,Embilipitiya,38
Pan Asia Banking Corporation PLC,7311,Matale,39
Pan Asia Banking Corporation PLC,7311,Batticaloa,40
Pan Asia Banking Corporation PLC,7311,Ambalangoda,41
Pan Asia Banking Corporation PLC,7311,Kalmunai,42
Pan Asia Banking Corporation PLC,7311,Kilinochchi,43
Pan Asia Banking Corporation PLC,7311,Kandy City Centre,44
Pan Asia Banking Corporation PLC,7311,Badulla,45
Pan Asia Banking Corporation PLC,7311,Kuliyapitiya,46
Pan Asia Banking Corporation PLC,7311,Kalubowila,47
Pan Asia Banking Corporation PLC,7311,Bandarawela,48
Pan Asia Banking Corporation PLC,7311,Dambulla,49
Pan Asia Banking Corporation PLC,7311,Ratmalana,50
Pan Asia Banking Corporation PLC,7311,Peradeniya,51
Pan Asia Banking Corporation PLC,7311,Kaduruwela,52
Pan Asia Banking Corporation PLC,7311,Ambalanthota,53
Pan Asia Banking Corporation PLC,7311,Kiribathgoda,54
Pan Asia Banking Corporation PLC,7311,Piliyandala,55
Pan Asia Banking Corporation PLC,7311,Nelliady,56
Pan Asia Banking Corporation PLC,7311,Kattankudy ,57
Pan Asia Banking Corporation PLC,7311,Kundasale,58
Pan Asia Banking Corporation PLC,7311,Monaragala,59
Pan Asia Banking Corporation PLC,7311,Akkaraipaththu,60
Pan Asia Banking Corporation PLC,7311,Chunnakam,61
Pan Asia Banking Corporation PLC,7311,Balangoda,62
Pan Asia Banking Corporation PLC,7311,Battaramulla,63
Pan Asia Banking Corporation PLC,7311,Puttalama,64
Pan Asia Banking Corporation PLC,7311,Pilimathalawa,65
Pan Asia Banking Corporation PLC,7311,Ja-Ela,66
Pan Asia Banking Corporation PLC,7311,Kekirawa,67
Pan Asia Banking Corporation PLC,7311,Thalawathugoda,68
Pan Asia Banking Corporation PLC,7311,Minuwangoda,69
Pan Asia Banking Corporation PLC,7311,Warakapola,70
Pan Asia Banking Corporation PLC,7311,Galewela,71
Pan Asia Banking Corporation PLC,7311,Akuressa,72
Pan Asia Banking Corporation PLC,7311,Trincomalee,73
Pan Asia Banking Corporation PLC,7311,Tangalle,74
Pan Asia Banking Corporation PLC,7311,Hatton,75
Pan Asia Banking Corporation PLC,7311,Homagama,76
Pan Asia Banking Corporation PLC,7311,Horana,77
Pan Asia Banking Corporation PLC,7311,Colombo Gold Centre,78
Pan Asia Banking Corporation PLC,7311,Nawala,79
Pan Asia Banking Corporation PLC,7311,Kottawa,80
Pan Asia Banking Corporation PLC,7311,Kaduwela,81
Pan Asia Banking Corporation PLC,7311,Mawanella,82
Pan Asia Banking Corporation PLC,7311,Dankotuwa,83
Pan Asia Banking Corporation PLC,7311,Hikkaduwa,84
Pan Asia Banking Corporation PLC,7311,Weligama,85
Pan Asia Banking Corporation PLC,7311,Narammala,86
Pan Asia Banking Corporation PLC,7311,Nattandiya,87
Pan Asia Banking Corporation PLC,7311,Internationl Remittance,814
Pan Asia Banking Corporation PLC,7311,Head Office,999
DFCC Bank PLC,7454,Head Office,1
DFCC Bank PLC,7454,Nugegoda,2
DFCC Bank PLC,7454,Malabe,3
DFCC Bank PLC,7454,Matara,4
DFCC Bank PLC,7454,Kurunegala,5
DFCC Bank PLC,7454,Katugastota,6
DFCC Bank PLC,7454,City Office,7
DFCC Bank PLC,7454,Rathnapura,8
DFCC Bank PLC,7454,Anuradhapura,9
DFCC Bank PLC,7454,Gampaha,10
DFCC Bank PLC,7454,Badulla,11
DFCC Bank PLC,7454,Borella,12
DFCC Bank PLC,7454,Narahenpita,13
DFCC Bank PLC,7454,Kaduruwela,14
DFCC Bank PLC,7454,Bandaranayake Mawatha,15
DFCC Bank PLC,7454,Maharagama,16
DFCC Bank PLC,7454,Bandarawela,17
DFCC Bank PLC,7454,Negombo,18
DFCC Bank PLC,7454,Kottawa,19
DFCC Bank PLC,7454,Dambulla,20
DFCC Bank PLC,7454,Wattala,21
DFCC Bank PLC,7454,Kuliyapitiya,22
DFCC Bank PLC,7454,Panadura,23
DFCC Bank PLC,7454,Piliyandala,24
DFCC Bank PLC,7454,Deniyaya,25
DFCC Bank PLC,7454,Kaluthara,26
DFCC Bank PLC,7454,Kiribathgoda,27
DFCC Bank PLC,7454,Nawala,28
DFCC Bank PLC,7454,Kadawatha,29
DFCC Bank PLC,7454,Gampola,30
DFCC Bank PLC,7454,Matale,31
DFCC Bank PLC,7454,Chilaw,32
DFCC Bank PLC,7454,Wellawatte,33
DFCC Bank PLC,7454,Horana,34
DFCC Bank PLC,7454,Galle,35
DFCC Bank PLC,7454,Nuwara Eliya,36
DFCC Bank PLC,7454,Kalawana,37
DFCC Bank PLC,7454,Ambalangoda,38
DFCC Bank PLC,7454,Avissawella,39
DFCC Bank PLC,7454,Batticaloa,40
DFCC Bank PLC,7454,Ampara,41
DFCC Bank PLC,7454,Jaffna,42
DFCC Bank PLC,7454,Moratuwa,43
DFCC Bank PLC,7454,Trincomalee,44
DFCC Bank PLC,7454,Embilipitiya,45
DFCC Bank PLC,7454,Pettah Peoples Park,46
DFCC Bank PLC,7454,Vavuniya,47
DFCC Bank PLC,7454,Katugastota,48
DFCC Bank PLC,7454,Kegalle,49
DFCC Bank PLC,7454,Monaragala,50
DFCC Bank PLC,7454,Kalmunai,51
DFCC Bank PLC,7454,Kilinochchi,52
DFCC Bank PLC,7454,Elpitiya,53
DFCC Bank PLC,7454,Akuressa,54
DFCC Bank PLC,7454,Arayampathy,55
DFCC Bank PLC,7454,Tangalle,56
DFCC Bank PLC,7454,Oddamavadi,57
DFCC Bank PLC,7454,Akkaraipattu,58
DFCC Bank PLC,7454,Chunnakam,59
DFCC Bank PLC,7454,Manipai,60
DFCC Bank PLC,7454,Nelliady,61
DFCC Bank PLC,7454,Hambantota,62
DFCC Bank PLC,7454,Ja-Ela,63
DFCC Bank PLC,7454,Kotahena,64
DFCC Bank PLC,7454,Digana,65
DFCC Bank PLC,7454,Thambuttegama,66
DFCC Bank PLC,7454,Galewela,67
DFCC Bank PLC,7454,Eheliyagoda,68
DFCC Bank PLC,7454,Mathugama,69
DFCC Bank PLC,7454,Narammala,70
DFCC Bank PLC,7454,Nikaweratiya,71
DFCC Bank PLC,7454,Mount Lavinia,72
DFCC Bank PLC,7454,Hatton,73
DFCC Bank PLC,7454,Welimada,74
DFCC Bank PLC,7454,Ibbagamuwa,75
DFCC Bank PLC,7454,Gangodawila,76
DFCC Bank PLC,7454,Weligama,77
DFCC Bank PLC,7454,Kaduwela,78
DFCC Bank PLC,7454,Hingurakgoda,79
DFCC Bank PLC,7454,Balangoda,80
DFCC Bank PLC,7454,Bandaragama,81
DFCC Bank PLC,7454,Peradeniya,82
DFCC Bank PLC,7454,Kandy City Centre,83
DFCC Bank PLC,7454,Dehiattakandiya,84
DFCC Bank PLC,7454,Aralaganwila,85
DFCC Bank PLC,7454,Medirigiriya,86
DFCC Bank PLC,7454,Pettah-Main Street,87
DFCC Bank PLC,7454,Kahawatta,88
DFCC Bank PLC,7454,Kochchikade,89
DFCC Bank PLC,7454,Giriulla,90
DFCC Bank PLC,7454,Wennappuwa,91
DFCC Bank PLC,7454,Hikkaduwa,92
DFCC Bank PLC,7454,Nawalapitiya,93
DFCC Bank PLC,7454,Dankotuwa,94
DFCC Bank PLC,7454,Ambalantota,95
DFCC Bank PLC,7454,Wattegama,96
DFCC Bank PLC,7454,Tissamaharama,97
DFCC Bank PLC,7454,Morawaka,98
DFCC Bank PLC,7454,Baddegama,99
DFCC Bank PLC,7454,Matara City,100
DFCC Bank PLC,7454,Nivithigala,101
DFCC Bank PLC,7454,Urubokka,102
DFCC Bank PLC,7454,Buttala,103
DFCC Bank PLC,7454,Wellawaya,104
DFCC Bank PLC,7454,Eppawala,105
DFCC Bank PLC,7454,Marawilla,106
DFCC Bank PLC,7454,Mawanella,107
DFCC Bank PLC,7454,Ruwanwella ,108
DFCC Bank PLC,7454,Godakawela  ,109
DFCC Bank PLC,7454,Mahiyanganaya,110
DFCC Bank PLC,7454,Fort Super Grade ,111
DFCC Bank PLC,7454,Kuruwita,112
DFCC Bank PLC,7454,Kekirawa,113
DFCC Bank PLC,7454,Minuwangoda,114
DFCC Bank PLC,7454,Athurugiriya,115
DFCC Bank PLC,7454,Agalawatta,116
DFCC Bank PLC,7454,Beliatta,117
DFCC Bank PLC,7454,Maha Oya,118
DFCC Bank PLC,7454,Uhana,119
DFCC Bank PLC,7454,Karandeniya,120
DFCC Bank PLC,7454,Dickwella,121
DFCC Bank PLC,7454,Veyangoda,122
DFCC Bank PLC,7454,Baduraliya,123
DFCC Bank PLC,7454,Bibile,124
DFCC Bank PLC,7454,Warakapola ,125
DFCC Bank PLC,7454,Rattota,126
DFCC Bank PLC,7454,Rambukkana branch ,127
DFCC Bank PLC,7454,Homagama branch,128
DFCC Bank PLC,7454,Welikanda branch ,129
DFCC Bank PLC,7454,Naula branch ,130
DFCC Bank PLC,7454,Haputale branch,131
DFCC Bank PLC,7454,Hakmana branch ,132
DFCC Bank PLC,7454,Kottegoda branch ,133
DFCC Bank PLC,7454,Aluthgama branch ,134
DFCC Bank PLC,7454,Uragasmanhandiya branch,135
DFCC Bank PLC,7454,Wathugedara branch,136
DFCC Bank PLC,7454,Puttalam branch ,137
DFCC Bank PLC,7454,Ratnapura service center ,138
DFCC Bank PLC,7454,Islamic Banking Corporate/City,407
DFCC Bank PLC,7454,Southern Province SLP Units,501
DFCC Bank PLC,7454,Western  Province SLP Units,511
DFCC Bank PLC,7454,North Western Province SLP Units,521
DFCC Bank PLC,7454,Central Province SLP Units,531
DFCC Bank PLC,7454,Sabaragamuwa Province SLP Units,541
DFCC Bank PLC,7454,North Central  Province SLP Units,551
DFCC Bank PLC,7454,Eastern  Province SLP Units,561
DFCC Bank PLC,7454,Uva Province SLP Units,571
DFCC Bank PLC,7454,Pinnacle Centre,700
DFCC Bank PLC,7454,Central Operations,800
DFCC Bank PLC,7454,Head Office,999
